player_sum,dealer_showing,soft,double_possible,split_possible,action,return
4,2,False,True,True,stand,-0.016348691317059155
4,2,False,True,True,draw,0.18516191796653944
4,2,False,True,True,double,-0.1712644446130789
4,2,False,True,True,split,1.1683045626617912
4,2,False,True,False,stand,1.9906848992832846
4,2,False,True,False,draw,0
4,2,False,True,False,double,0.946136029159413
4,2,False,False,True,stand,0
4,2,False,False,True,draw,0
4,2,False,False,True,split,0
4,2,False,False,False,stand,0
4,2,False,False,False,draw,0
4,3,False,True,True,stand,-0.4762699842706996
4,3,False,True,True,draw,0.23284862332689926
4,3,False,True,True,double,-0.9690790787393222
4,3,False,True,True,split,1.2917547391378965
4,3,False,True,False,stand,2.00646802636489
4,3,False,True,False,draw,0
4,3,False,True,False,double,1.9062128309720232
4,3,False,False,True,stand,0
4,3,False,False,True,draw,0
4,3,False,False,True,split,0
4,3,False,False,False,stand,0
4,3,False,False,False,draw,0
4,4,False,True,True,stand,-0.1932006170868113
4,4,False,True,True,draw,0.25999124250982286
4,4,False,True,True,double,-0.38474458095063724
4,4,False,True,True,split,1.3068555126784942
4,4,False,True,False,stand,1.8138801265514755
4,4,False,True,False,draw,0
4,4,False,True,False,double,2.0835756376374084
4,4,False,False,True,stand,0
4,4,False,False,True,draw,0
4,4,False,False,True,split,0
4,4,False,False,False,stand,0
4,4,False,False,False,draw,0
4,5,False,True,True,stand,-0.2745178316669401
4,5,False,True,True,draw,0.34329642542393674
4,5,False,True,True,double,-0.790785965800774
4,5,False,True,True,split,1.3287726198214835
4,5,False,True,False,stand,2.131933530215946
4,5,False,True,False,draw,0
4,5,False,True,False,double,1.6189382710464948
4,5,False,False,True,stand,0
4,5,False,False,True,draw,0
4,5,False,False,True,split,0
4,5,False,False,False,stand,0
4,5,False,False,False,draw,0
4,6,False,True,True,stand,-0.25873307253653627
4,6,False,True,True,draw,0.22008793121423773
4,6,False,True,True,double,-0.7181136511303154
4,6,False,True,True,split,1.4665727826106325
4,6,False,True,False,stand,2.1352828410161746
4,6,False,True,False,draw,0
4,6,False,True,False,double,1.9007044334000782
4,6,False,False,True,stand,0
4,6,False,False,True,draw,0
4,6,False,False,True,split,0
4,6,False,False,False,stand,0
4,6,False,False,False,draw,0
4,7,False,True,True,stand,-0.3572049604016363
4,7,False,True,True,draw,0.24617769063625308
4,7,False,True,True,double,-1.4048770677862572
4,7,False,True,True,split,1.2378427891342543
4,7,False,True,False,stand,1.9686153566184734
4,7,False,True,False,draw,0
4,7,False,True,False,double,1.5050603492676338
4,7,False,False,True,stand,0
4,7,False,False,True,draw,0
4,7,False,False,True,split,0
4,7,False,False,False,stand,0
4,7,False,False,False,draw,0
4,8,False,True,True,stand,-0.6017059689078964
4,8,False,True,True,draw,0.26574180162065786
4,8,False,True,True,double,-1.0063629205762195
4,8,False,True,True,split,1.2066190733379534
4,8,False,True,False,stand,1.9615772275097696
4,8,False,True,False,draw,0
4,8,False,True,False,double,1.8106944866047554
4,8,False,False,True,stand,0
4,8,False,False,True,draw,0
4,8,False,False,True,split,0
4,8,False,False,False,stand,0
4,8,False,False,False,draw,0
4,9,False,True,True,stand,-0.6698524928621635
4,9,False,True,True,draw,0.1786005503828598
4,9,False,True,True,double,-0.8662539739989243
4,9,False,True,True,split,1.2856043374219561
4,9,False,True,False,stand,1.992949366818994
4,9,False,True,False,draw,0
4,9,False,True,False,double,1.7069328125929033
4,9,False,False,True,stand,0
4,9,False,False,True,draw,0
4,9,False,False,True,split,0
4,9,False,False,False,stand,0
4,9,False,False,False,draw,0
4,10,False,True,True,stand,-0.9122341432839217
4,10,False,True,True,draw,0.13015162828255544
4,10,False,True,True,double,-0.6591419320794067
4,10,False,True,True,split,1.0715257822379474
4,10,False,True,False,stand,1.7621197151599373
4,10,False,True,False,draw,0
4,10,False,True,False,double,1.859617844356769
4,10,False,False,True,stand,0
4,10,False,False,True,draw,0
4,10,False,False,True,split,0
4,10,False,False,False,stand,0
4,10,False,False,False,draw,0
4,11,False,True,True,stand,-0.8280935686325553
4,11,False,True,True,draw,-0.08309625221666789
4,11,False,True,True,double,-1.015540873992511
4,11,False,True,True,split,0.9881207570546517
4,11,False,True,False,stand,1.882443025770722
4,11,False,True,False,draw,0
4,11,False,True,False,double,1.3104585042942198
4,11,False,False,True,stand,0
4,11,False,False,True,draw,0
4,11,False,False,True,split,0
4,11,False,False,False,stand,0
4,11,False,False,False,draw,0
5,2,False,True,False,stand,-0.21283516450707937
5,2,False,True,False,draw,0.18332845940341583
5,2,False,True,False,double,-1.37342302019885
5,2,False,False,False,stand,0
5,2,False,False,False,draw,0
5,3,False,True,False,stand,-0.33767388242130825
5,3,False,True,False,draw,0.21031470884178513
5,3,False,True,False,double,-0.23777839818735988
5,3,False,False,False,stand,0
5,3,False,False,False,draw,0
5,4,False,True,False,stand,0.01260646358541695
5,4,False,True,False,draw,0.17805207599989778
5,4,False,True,False,double,-0.09290552947399738
5,4,False,False,False,stand,0
5,4,False,False,False,draw,0
5,5,False,True,False,stand,-0.12809413199350253
5,5,False,True,False,draw,0.3285866416460088
5,5,False,True,False,double,-0.2759216799853225
5,5,False,False,False,stand,0
5,5,False,False,False,draw,0
5,6,False,True,False,stand,-0.042084983657931285
5,6,False,True,False,draw,0.2207640638849614
5,6,False,True,False,double,0.08368670054339089
5,6,False,False,False,stand,0
5,6,False,False,False,draw,0
5,7,False,True,False,stand,-0.14504934280740472
5,7,False,True,False,draw,0.20107842243069757
5,7,False,True,False,double,-0.05107645462153937
5,7,False,False,False,stand,0
5,7,False,False,False,draw,0
5,8,False,True,False,stand,-0.5746830404799944
5,8,False,True,False,draw,0.18699372367588551
5,8,False,True,False,double,-0.5161623349616455
5,8,False,False,False,stand,0
5,8,False,False,False,draw,0
5,9,False,True,False,stand,-0.7117859541521641
5,9,False,True,False,draw,0.10650683619278996
5,9,False,True,False,double,-0.5304078469331186
5,9,False,False,False,stand,0
5,9,False,False,False,draw,0
5,10,False,True,False,stand,-0.5960145919537571
5,10,False,True,False,draw,-0.05434592811580363
5,10,False,True,False,double,-0.7891626624886434
5,10,False,False,False,stand,0
5,10,False,False,False,draw,0
5,11,False,True,False,stand,-0.622793332619931
5,11,False,True,False,draw,-0.08896604747260557
5,11,False,True,False,double,-1.6238027867072342
5,11,False,False,False,stand,0
5,11,False,False,False,draw,0
6,2,False,True,True,stand,-0.25819729997579477
6,2,False,True,True,draw,0.17582330685979836
6,2,False,True,True,double,-1.0102005753031047
6,2,False,True,True,split,1.1303495111409045
6,2,False,True,False,stand,0.005265933783631674
6,2,False,True,False,draw,0.13702742858442718
6,2,False,True,False,double,-0.6649588229252197
6,2,False,False,True,stand,0
6,2,False,False,True,draw,0
6,2,False,False,True,split,0
6,2,False,False,False,stand,0
6,2,False,False,False,draw,0.027243208425662496
6,3,False,True,True,stand,-0.07698956977949088
6,3,False,True,True,draw,0.1354441694503307
6,3,False,True,True,double,-0.8381639531223548
6,3,False,True,True,split,1.240330861450111
6,3,False,True,False,stand,-0.07787866302053702
6,3,False,True,False,draw,0.28303112340510544
6,3,False,True,False,double,-0.4591107218741904
6,3,False,False,True,stand,0
6,3,False,False,True,draw,0
6,3,False,False,True,split,0
6,3,False,False,False,stand,-0.16326151100000003
6,3,False,False,False,draw,0.002903323721134945
6,4,False,True,True,stand,-0.2529209936817638
6,4,False,True,True,draw,0.1457963159933345
6,4,False,True,True,double,-0.6626116954589922
6,4,False,True,True,split,1.2434047643816653
6,4,False,True,False,stand,0.025132757041356327
6,4,False,True,False,draw,0.30112407120097157
6,4,False,True,False,double,0.03747555905111841
6,4,False,False,True,stand,0
6,4,False,False,True,draw,0
6,4,False,False,True,split,0
6,4,False,False,False,stand,0
6,4,False,False,False,draw,0.08352098058640148
6,5,False,True,True,stand,-0.21073034244959357
6,5,False,True,True,draw,0.28494250192258497
6,5,False,True,True,double,-0.5307028878743789
6,5,False,True,True,split,1.4374146111251647
6,5,False,True,False,stand,-0.00808310457304455
6,5,False,True,False,draw,0.3648543241402529
6,5,False,True,False,double,-0.36634743807174197
6,5,False,False,True,stand,0
6,5,False,False,True,draw,0
6,5,False,False,True,split,0
6,5,False,False,False,stand,0.10171
6,5,False,False,False,draw,0.019575001868822606
6,6,False,True,True,stand,-0.31328677826764345
6,6,False,True,True,draw,0.2368069017459757
6,6,False,True,True,double,-0.8978570795784498
6,6,False,True,True,split,1.2652791760415854
6,6,False,True,False,stand,-0.08783091854164615
6,6,False,True,False,draw,0.26199544942450015
6,6,False,True,False,double,0.08169457722002149
6,6,False,False,True,stand,0
6,6,False,False,True,draw,0
6,6,False,False,True,split,0
6,6,False,False,False,stand,0.10900000000000001
6,6,False,False,False,draw,0.038336523441666666
6,7,False,True,True,stand,-0.20601127444745052
6,7,False,True,True,draw,0.31074169399881674
6,7,False,True,True,double,-1.1273209585867934
6,7,False,True,True,split,1.2895278702285284
6,7,False,True,False,stand,-0.2878579875185247
6,7,False,True,False,draw,0.4607379905336217
6,7,False,True,False,double,-0.8987469823266772
6,7,False,False,True,stand,0
6,7,False,False,True,draw,0
6,7,False,False,True,split,0
6,7,False,False,False,stand,0.03801056041306177
6,7,False,False,False,draw,0.08643733903524534
6,8,False,True,True,stand,-0.4866296240136674
6,8,False,True,True,draw,0.04090617198307242
6,8,False,True,True,double,-1.7588944717284678
6,8,False,True,True,split,1.2061373168059242
6,8,False,True,False,stand,-0.09796827578303346
6,8,False,True,False,draw,0.1287699925691575
6,8,False,True,False,double,-0.9224099638366763
6,8,False,False,True,stand,0
6,8,False,False,True,draw,0
6,8,False,False,True,split,0
6,8,False,False,False,stand,-0.037647528097130345
6,8,False,False,False,draw,0.07082034264226714
6,9,False,True,True,stand,-0.6714008026524388
6,9,False,True,True,draw,0.21208325208185175
6,9,False,True,True,double,-0.8847973113656344
6,9,False,True,True,split,1.1370844581087463
6,9,False,True,False,stand,-0.19989381541292342
6,9,False,True,False,draw,0.06903486550498626
6,9,False,True,False,double,-0.5819159515322749
6,9,False,False,True,stand,0
6,9,False,False,True,draw,0
6,9,False,False,True,split,0
6,9,False,False,False,stand,0
6,9,False,False,False,draw,0.09469658774974282
6,10,False,True,True,stand,-0.4133089710841176
6,10,False,True,True,draw,0.05355984440808165
6,10,False,True,True,double,-1.2067090642413016
6,10,False,True,True,split,1.0138305635105191
6,10,False,True,False,stand,-0.21665161810702852
6,10,False,True,False,draw,0.0015126946984604372
6,10,False,True,False,double,-1.334359084526147
6,10,False,False,True,stand,0
6,10,False,False,True,draw,0
6,10,False,False,True,split,0
6,10,False,False,False,stand,-0.4030565509825257
6,10,False,False,False,draw,0.044373054595956515
6,11,False,True,True,stand,-0.7899266640945346
6,11,False,True,True,draw,-0.13197951181779582
6,11,False,True,True,double,-1.2726063032106119
6,11,False,True,True,split,1.0382187320603995
6,11,False,True,False,stand,-0.8051823462471303
6,11,False,True,False,draw,-0.13271569494682317
6,11,False,True,False,double,-0.9672940407263604
6,11,False,False,True,stand,0
6,11,False,False,True,draw,0
6,11,False,False,True,split,0
6,11,False,False,False,stand,0
6,11,False,False,False,draw,-0.025370389261196995
7,2,False,True,False,stand,-0.10807924135406205
7,2,False,True,False,draw,0.27552178231960195
7,2,False,True,False,double,-0.19432289495564523
7,2,False,False,False,stand,-0.41247507556269625
7,2,False,False,False,draw,0.3103618914585032
7,3,False,True,False,stand,-0.12696244217564173
7,3,False,True,False,draw,0.2942063538160508
7,3,False,True,False,double,-0.692760060309531
7,3,False,False,False,stand,-0.19720705586077475
7,3,False,False,False,draw,0.2973434302283628
7,4,False,True,False,stand,0.13872638777250546
7,4,False,True,False,draw,0.1868584093347928
7,4,False,True,False,double,-0.0763256308451637
7,4,False,False,False,stand,-0.3698964098112472
7,4,False,False,False,draw,0.5155659402924793
7,5,False,True,False,stand,0.14872563962286905
7,5,False,True,False,draw,0.21770361275759684
7,5,False,True,False,double,-0.1106649426074092
7,5,False,False,False,stand,0.38038462974889414
7,5,False,False,False,draw,0.3778344983899677
7,6,False,True,False,stand,0.12250194553131608
7,6,False,True,False,draw,0.2595621109865115
7,6,False,True,False,double,0.2909235039616625
7,6,False,False,False,stand,-0.2599633698974828
7,6,False,False,False,draw,0.2826672083832786
7,7,False,True,False,stand,-0.34112593221395926
7,7,False,True,False,draw,0.24310260132506026
7,7,False,True,False,double,0.10736232955339896
7,7,False,False,False,stand,-0.28323234418659377
7,7,False,False,False,draw,0.3498857726775853
7,8,False,True,False,stand,-0.1282285427103257
7,8,False,True,False,draw,0.11395867009255002
7,8,False,True,False,double,-0.689351978068586
7,8,False,False,False,stand,-0.32342743114990247
7,8,False,False,False,draw,0.16177183825457192
7,9,False,True,False,stand,-0.2728606158416767
7,9,False,True,False,draw,0.16674825750755096
7,9,False,True,False,double,-0.4260193865715318
7,9,False,False,False,stand,-0.09317079467938945
7,9,False,False,False,draw,0.10725653261943728
7,10,False,True,False,stand,-0.49070258701308245
7,10,False,True,False,draw,-0.0972501458054282
7,10,False,True,False,double,-0.7634764188011931
7,10,False,False,False,stand,-0.34692781643674986
7,10,False,False,False,draw,0.10443467987158017
7,11,False,True,False,stand,-0.16714543768963966
7,11,False,True,False,draw,-0.09465598634817848
7,11,False,True,False,double,-1.2940095108530691
7,11,False,False,False,stand,-0.295356134031438
7,11,False,False,False,draw,0.04987779375033804
8,2,False,True,True,stand,-0.28837710990486826
8,2,False,True,True,draw,0.3972050595292549
8,2,False,True,True,double,-0.512267736648571
8,2,False,True,True,split,1.2143830458250868
8,2,False,True,False,stand,-0.32761593746343654
8,2,False,True,False,draw,0.30645898040822367
8,2,False,True,False,double,-0.3366223007111381
8,2,False,False,True,stand,0
8,2,False,False,True,draw,0
8,2,False,False,True,split,0
8,2,False,False,False,stand,-0.19615723460890783
8,2,False,False,False,draw,0.43295525517869193
8,3,False,True,True,stand,-0.2796902714832646
8,3,False,True,True,draw,0.3012355585660086
8,3,False,True,True,double,-0.33655659988414577
8,3,False,True,True,split,1.2384045407864994
8,3,False,True,False,stand,-0.17618231466731665
8,3,False,True,False,draw,0.37975775643644766
8,3,False,True,False,double,0.04924267201213489
8,3,False,False,True,stand,0
8,3,False,False,True,draw,0
8,3,False,False,True,split,0
8,3,False,False,False,stand,-0.4106758755530868
8,3,False,False,False,draw,0.3420106103321542
8,4,False,True,True,stand,-0.3477911052830136
8,4,False,True,True,draw,0.26973129043297184
8,4,False,True,True,double,0.02695904395788079
8,4,False,True,True,split,1.16249667063873
8,4,False,True,False,stand,0.009036407173421176
8,4,False,True,False,draw,0.22981187335332667
8,4,False,True,False,double,-0.06918182756416352
8,4,False,False,True,stand,0
8,4,False,False,True,draw,0
8,4,False,False,True,split,0
8,4,False,False,False,stand,0.15773853658523526
8,4,False,False,False,draw,0.30886185656536747
8,5,False,True,True,stand,0.08044989665701838
8,5,False,True,True,draw,0.4020298223674497
8,5,False,True,True,double,0.23580159860367017
8,5,False,True,True,split,1.1654524107484336
8,5,False,True,False,stand,-0.12337890383843983
8,5,False,True,False,draw,0.3083205302661354
8,5,False,True,False,double,-0.1626708694243057
8,5,False,False,True,stand,0
8,5,False,False,True,draw,0
8,5,False,False,True,split,0
8,5,False,False,False,stand,-0.5283545309847522
8,5,False,False,False,draw,0.49331915055554565
8,6,False,True,True,stand,-0.44622819653668616
8,6,False,True,True,draw,0.21978901644228693
8,6,False,True,True,double,0.15149372941423525
8,6,False,True,True,split,1.2784866397960226
8,6,False,True,False,stand,-0.3933658060058564
8,6,False,True,False,draw,0.373293064073046
8,6,False,True,False,double,-0.03169063834819655
8,6,False,False,True,stand,0
8,6,False,False,True,draw,0
8,6,False,False,True,split,0
8,6,False,False,False,stand,-0.2314223341987407
8,6,False,False,False,draw,0.4394470513330256
8,7,False,True,True,stand,-0.6195649375812194
8,7,False,True,True,draw,0.2568347483285981
8,7,False,True,True,double,-0.8323266511613164
8,7,False,True,True,split,1.3000471554431114
8,7,False,True,False,stand,0.1424229896939137
8,7,False,True,False,draw,0.38242794307870026
8,7,False,True,False,double,-0.19295241298012755
8,7,False,False,True,stand,0
8,7,False,False,True,draw,0
8,7,False,False,True,split,0
8,7,False,False,False,stand,0.23622680719948502
8,7,False,False,False,draw,0.3752514609697562
8,8,False,True,True,stand,-0.549835716014892
8,8,False,True,True,draw,0.13397092501493774
8,8,False,True,True,double,-0.23547334409399598
8,8,False,True,True,split,1.0564824015723815
8,8,False,True,False,stand,-0.4050684392130686
8,8,False,True,False,draw,0.18562352889535466
8,8,False,True,False,double,-0.2480371588418487
8,8,False,False,True,stand,0
8,8,False,False,True,draw,0
8,8,False,False,True,split,0
8,8,False,False,False,stand,-0.18552617171990887
8,8,False,False,False,draw,0.5623418237132491
8,9,False,True,True,stand,-0.35877182828665244
8,9,False,True,True,draw,0.21029211122442193
8,9,False,True,True,double,-0.5674438193714444
8,9,False,True,True,split,1.1550217191156755
8,9,False,True,False,stand,-0.26877214252439474
8,9,False,True,False,draw,0.1868851612861236
8,9,False,True,False,double,-0.21908088743730125
8,9,False,False,True,stand,0
8,9,False,False,True,draw,0
8,9,False,False,True,split,0
8,9,False,False,False,stand,-0.3229691088417799
8,9,False,False,False,draw,0.20420412974980254
8,10,False,True,True,stand,-0.5770078804399288
8,10,False,True,True,draw,0.007825281608550859
8,10,False,True,True,double,-0.45914184245989564
8,10,False,True,True,split,1.0901481514659999
8,10,False,True,False,stand,-0.18249041763364846
8,10,False,True,False,draw,-0.19393351888793411
8,10,False,True,False,double,-0.4086770546843629
8,10,False,False,True,stand,0
8,10,False,False,True,draw,0
8,10,False,False,True,split,0
8,10,False,False,False,stand,-0.5074505878179799
8,10,False,False,False,draw,0.27046512984768445
8,11,False,True,True,stand,-0.7755172068783114
8,11,False,True,True,draw,-0.029428395960297053
8,11,False,True,True,double,-0.7089514101344669
8,11,False,True,True,split,0.9332713531817453
8,11,False,True,False,stand,-0.36999760043684665
8,11,False,True,False,draw,-0.1450813218929321
8,11,False,True,False,double,-0.5068302103229665
8,11,False,False,True,stand,0
8,11,False,False,True,draw,0
8,11,False,False,True,split,0
8,11,False,False,False,stand,-0.5415003943363246
8,11,False,False,False,draw,-0.011174580713977925
9,2,False,True,False,stand,-0.19272945701717628
9,2,False,True,False,draw,0.46005452446654677
9,2,False,True,False,double,-0.12260074677581073
9,2,False,False,False,stand,-0.2576657092974875
9,2,False,False,False,draw,0.22926161365897074
9,3,False,True,False,stand,-0.06814693088290691
9,3,False,True,False,draw,0.25458650916767234
9,3,False,True,False,double,0.2325724023147451
9,3,False,False,False,stand,-0.1132706768029383
9,3,False,False,False,draw,0.38885505599975945
9,4,False,True,False,stand,-0.5329671130680687
9,4,False,True,False,draw,0.21286933260219598
9,4,False,True,False,double,0.17114071246838503
9,4,False,False,False,stand,0.26234210456937707
9,4,False,False,False,draw,0.4193348386577884
9,5,False,True,False,stand,-0.01056023482831879
9,5,False,True,False,draw,0.43660316940867633
9,5,False,True,False,double,0.21437728346176627
9,5,False,False,False,stand,-0.205897626649682
9,5,False,False,False,draw,0.5016388902606603
9,6,False,True,False,stand,-0.10454969062985067
9,6,False,True,False,draw,0.4912791062752503
9,6,False,True,False,double,0.3734075314827551
9,6,False,False,False,stand,-0.10486103417475261
9,6,False,False,False,draw,0.5171688358916033
9,7,False,True,False,stand,-0.26631388947286183
9,7,False,True,False,draw,0.3376170705296978
9,7,False,True,False,double,0.050740358995958024
9,7,False,False,False,stand,-0.6078655439658429
9,7,False,False,False,draw,0.43062740823925005
9,8,False,True,False,stand,-0.14154976324790777
9,8,False,True,False,draw,0.29959500281314067
9,8,False,True,False,double,0.04438946146272152
9,8,False,False,False,stand,-0.5133629844624551
9,8,False,False,False,draw,0.25095194066062354
9,9,False,True,False,stand,-0.5349281883917517
9,9,False,True,False,draw,0.3031970135180401
9,9,False,True,False,double,-0.49811786423626636
9,9,False,False,False,stand,-0.42108472147918374
9,9,False,False,False,draw,0.2760754822683215
9,10,False,True,False,stand,-0.2780532400136269
9,10,False,True,False,draw,0.01420897417161724
9,10,False,True,False,double,-0.5596687795808195
9,10,False,False,False,stand,-0.2839600673157431
9,10,False,False,False,draw,0.1882729895801959
9,11,False,True,False,stand,-0.47609945828142014
9,11,False,True,False,draw,-0.16886015746449076
9,11,False,True,False,double,-1.2630160284169771
9,11,False,False,False,stand,-0.46903956892574705
9,11,False,False,False,draw,0.022501604575418617
10,2,False,True,True,stand,-0.2809672393214991
10,2,False,True,True,draw,0.32365812307989095
10,2,False,True,True,double,0.7205928849751086
10,2,False,True,True,split,1.1674182002819529
10,2,False,True,False,stand,-0.39198869892354454
10,2,False,True,False,draw,0.5048819286741602
10,2,False,True,False,double,0.3080173793491261
10,2,False,False,True,stand,0
10,2,False,False,True,draw,0
10,2,False,False,True,split,0
10,2,False,False,False,stand,0.16447435765024113
10,2,False,False,False,draw,0.4398217283083578
10,3,False,True,True,stand,-0.14177738007685178
10,3,False,True,True,draw,0.39405573885443806
10,3,False,True,True,double,0.43720977538370853
10,3,False,True,True,split,1.208104127352473
10,3,False,True,False,stand,-0.09335607524597303
10,3,False,True,False,draw,0.42096889891321465
10,3,False,True,False,double,0.210912516159128
10,3,False,False,True,stand,0
10,3,False,False,True,draw,0
10,3,False,False,True,split,0
10,3,False,False,False,stand,-0.356202648938562
10,3,False,False,False,draw,0.7441430521687433
10,4,False,True,True,stand,-0.1912309846566294
10,4,False,True,True,draw,0.49560343133062196
10,4,False,True,True,double,-0.09119874318216542
10,4,False,True,True,split,1.1486587918168751
10,4,False,True,False,stand,-0.284817341908602
10,4,False,True,False,draw,0.405375555793463
10,4,False,True,False,double,0.14071450526144916
10,4,False,False,True,stand,0
10,4,False,False,True,draw,0
10,4,False,False,True,split,0
10,4,False,False,False,stand,-0.02146965431208965
10,4,False,False,False,draw,0.5386935669629317
10,5,False,True,True,stand,0.09797319743146063
10,5,False,True,True,draw,0.5246886256527071
10,5,False,True,True,double,0.8873267233417506
10,5,False,True,True,split,1.2913809910887204
10,5,False,True,False,stand,-0.23171812001871434
10,5,False,True,False,draw,0.5200309941627644
10,5,False,True,False,double,-0.1274517618968496
10,5,False,False,True,stand,0
10,5,False,False,True,draw,0
10,5,False,False,True,split,0
10,5,False,False,False,stand,0.16009994428112787
10,5,False,False,False,draw,0.21528814456621706
10,6,False,True,True,stand,-0.08916657378476833
10,6,False,True,True,draw,0.4569190043373283
10,6,False,True,True,double,1.0194459439722015
10,6,False,True,True,split,1.2371353967055205
10,6,False,True,False,stand,-0.22789969791568707
10,6,False,True,False,draw,0.26359629758082304
10,6,False,True,False,double,0.3367440255335082
10,6,False,False,True,stand,0
10,6,False,False,True,draw,0
10,6,False,False,True,split,0
10,6,False,False,False,stand,0.20252883331596547
10,6,False,False,False,draw,0.5055845380459585
10,7,False,True,True,stand,-0.5744952195316044
10,7,False,True,True,draw,0.30975295212329745
10,7,False,True,True,double,0.3529391110982496
10,7,False,True,True,split,1.3572962947161988
10,7,False,True,False,stand,-0.38584127492278025
10,7,False,True,False,draw,0.6498804758781256
10,7,False,True,False,double,0.4973991546071276
10,7,False,False,True,stand,0
10,7,False,False,True,draw,0
10,7,False,False,True,split,0
10,7,False,False,False,stand,0.1735586609347023
10,7,False,False,False,draw,0.43861603228016416
10,8,False,True,True,stand,-0.7838958137133636
10,8,False,True,True,draw,0.37704054928233677
10,8,False,True,True,double,0.12370888183386461
10,8,False,True,True,split,1.0784370689595022
10,8,False,True,False,stand,0.06603147497535886
10,8,False,True,False,draw,0.24101217636920325
10,8,False,True,False,double,0.05739211694511928
10,8,False,False,True,stand,0
10,8,False,False,True,draw,0
10,8,False,False,True,split,0
10,8,False,False,False,stand,0.1556920295907615
10,8,False,False,False,draw,0.714507374917418
10,9,False,True,True,stand,-0.6295543449025099
10,9,False,True,True,draw,0.5804398737456004
10,9,False,True,True,double,0.8108719676920466
10,9,False,True,True,split,1.1132563225379963
10,9,False,True,False,stand,-0.37243174500165244
10,9,False,True,False,draw,0.33394708301787956
10,9,False,True,False,double,-0.21104610257655765
10,9,False,False,True,stand,0
10,9,False,False,True,draw,0
10,9,False,False,True,split,0
10,9,False,False,False,stand,-0.6165591706907261
10,9,False,False,False,draw,0.2963941683046356
10,10,False,True,True,stand,-0.46255025995349985
10,10,False,True,True,draw,0.19385105038020983
10,10,False,True,True,double,0.053116487715917954
10,10,False,True,True,split,0.9309119565156658
10,10,False,True,False,stand,-0.4572899221506811
10,10,False,True,False,draw,0.21853722022216343
10,10,False,True,False,double,-0.7034354169882231
10,10,False,False,True,stand,0
10,10,False,False,True,draw,0
10,10,False,False,True,split,0
10,10,False,False,False,stand,-0.0009088855380099264
10,10,False,False,False,draw,0.39735941650962825
10,11,False,True,True,stand,-0.9797120763928934
10,11,False,True,True,draw,0.10022431866137071
10,11,False,True,True,double,-0.17956644821695247
10,11,False,True,True,split,0.9722926216059657
10,11,False,True,False,stand,-0.6509945356047705
10,11,False,True,False,draw,0.12542583019229167
10,11,False,True,False,double,-0.5852586650150791
10,11,False,False,True,stand,0
10,11,False,False,True,draw,0
10,11,False,False,True,split,0
10,11,False,False,False,stand,-0.741403472320863
10,11,False,False,False,draw,0.1930355648073135
11,2,False,True,False,stand,0.5641214190187737
11,2,False,True,False,draw,0.3114635794308453
11,2,False,True,False,double,-0.09945019039733466
11,2,False,False,False,stand,0.027694724403176302
11,2,False,False,False,draw,0.5256338992741378
11,3,False,True,False,stand,-0.16778433150919225
11,3,False,True,False,draw,0.48090886098974905
11,3,False,True,False,double,0.1202456324008907
11,3,False,False,False,stand,0.38983324358309535
11,3,False,False,False,draw,0.4208226739671196
11,4,False,True,False,stand,-0.16593721475771636
11,4,False,True,False,draw,0.47280917638549214
11,4,False,True,False,double,0.31292635647356604
11,4,False,False,False,stand,-0.056849813182632186
11,4,False,False,False,draw,0.5564321665635871
11,5,False,True,False,stand,-0.039655827255980186
11,5,False,True,False,draw,0.47203950615798457
11,5,False,True,False,double,1.3546449852667795
11,5,False,False,False,stand,-0.23223789710599446
11,5,False,False,False,draw,0.9334436151281615
11,6,False,True,False,stand,0.02335711000238122
11,6,False,True,False,draw,0.915397672731155
11,6,False,True,False,double,0.2382269509238892
11,6,False,False,False,stand,0.22350115485821775
11,6,False,False,False,draw,0.7342598693480478
11,7,False,True,False,stand,-0.3407214583338425
11,7,False,True,False,draw,0.5909216891658953
11,7,False,True,False,double,0.03787265646021892
11,7,False,False,False,stand,-0.6197135934723922
11,7,False,False,False,draw,0.89035607939817
11,8,False,True,False,stand,-0.6458852926176759
11,8,False,True,False,draw,0.48891237406624016
11,8,False,True,False,double,-0.12210689475925005
11,8,False,False,False,stand,-0.28872603948496944
11,8,False,False,False,draw,0.4097297137283122
11,9,False,True,False,stand,-0.38543621079473733
11,9,False,True,False,draw,0.5393028717139344
11,9,False,True,False,double,-0.13743356243517577
11,9,False,False,False,stand,-0.042175161942731465
11,9,False,False,False,draw,0.6796566704767116
11,10,False,True,False,stand,-0.46171039167713723
11,10,False,True,False,draw,0.35477919575078165
11,10,False,True,False,double,0.07014443161859465
11,10,False,False,False,stand,-0.6011152623677912
11,10,False,False,False,draw,0.44134645736527506
11,11,False,True,False,stand,-0.5136616774136388
11,11,False,True,False,draw,0.33365424379953623
11,11,False,True,False,double,-0.690110104254861
11,11,False,False,False,stand,-0.6089895458939407
11,11,False,False,False,draw,0.5089735992263095
12,2,True,True,True,stand,0
12,2,True,True,True,draw,0
12,2,True,True,True,double,0
12,2,True,True,True,split,0
12,2,False,True,True,stand,0.06210086094562041
12,2,False,True,True,draw,-0.05334109693109569
12,2,False,True,True,double,-0.6877695374729955
12,2,False,True,True,split,1.4649351980094716
12,2,True,True,False,stand,0
12,2,True,True,False,draw,0
12,2,True,True,False,double,0
12,2,False,True,False,stand,-0.3138118590579926
12,2,False,True,False,draw,0.043506059601219754
12,2,False,True,False,double,-0.23297798727216865
12,2,True,False,True,stand,0
12,2,True,False,True,draw,0
12,2,True,False,True,split,0
12,2,False,False,True,stand,0
12,2,False,False,True,draw,0
12,2,False,False,True,split,0
12,2,True,False,False,stand,0
12,2,True,False,False,draw,0
12,2,False,False,False,stand,0.22006863503128046
12,2,False,False,False,draw,0.29353536549412895
12,3,True,True,True,stand,0
12,3,True,True,True,draw,0
12,3,True,True,True,double,0
12,3,True,True,True,split,0
12,3,False,True,True,stand,-0.08729571372549531
12,3,False,True,True,draw,-0.004133110287795241
12,3,False,True,True,double,0.08754748902330409
12,3,False,True,True,split,1.3791621916900172
12,3,True,True,False,stand,0
12,3,True,True,False,draw,0
12,3,True,True,False,double,0
12,3,False,True,False,stand,0.074727654631131
12,3,False,True,False,draw,-0.3924456020436563
12,3,False,True,False,double,-0.5633117450685706
12,3,True,False,True,stand,0
12,3,True,False,True,draw,0
12,3,True,False,True,split,0
12,3,False,False,True,stand,0
12,3,False,False,True,draw,0
12,3,False,False,True,split,0
12,3,True,False,False,stand,0
12,3,True,False,False,draw,0
12,3,False,False,False,stand,0.44280263636481054
12,3,False,False,False,draw,0.3499658982379457
12,4,True,True,True,stand,0
12,4,True,True,True,draw,0
12,4,True,True,True,double,0
12,4,True,True,True,split,0
12,4,False,True,True,stand,-0.39063083266161647
12,4,False,True,True,draw,0.24406396092411342
12,4,False,True,True,double,-0.13136060808176872
12,4,False,True,True,split,1.461983537032159
12,4,True,True,False,stand,0
12,4,True,True,False,draw,0
12,4,True,True,False,double,0
12,4,False,True,False,stand,0.24775602910096242
12,4,False,True,False,draw,-0.41132089378016157
12,4,False,True,False,double,-0.4195512516493063
12,4,True,False,True,stand,0
12,4,True,False,True,draw,0
12,4,True,False,True,split,0
12,4,False,False,True,stand,0
12,4,False,False,True,draw,0
12,4,False,False,True,split,0
12,4,True,False,False,stand,0
12,4,True,False,False,draw,0
12,4,False,False,False,stand,0.2159794190951472
12,4,False,False,False,draw,0.2921946495118587
12,5,True,True,True,stand,0
12,5,True,True,True,draw,0
12,5,True,True,True,double,0
12,5,True,True,True,split,0
12,5,False,True,True,stand,-0.1389095380580888
12,5,False,True,True,draw,0.07729413536792218
12,5,False,True,True,double,0.37915853017516316
12,5,False,True,True,split,1.5207631616290886
12,5,True,True,False,stand,0
12,5,True,True,False,draw,0
12,5,True,True,False,double,0
12,5,False,True,False,stand,0.4316354680838003
12,5,False,True,False,draw,-0.24863407148803468
12,5,False,True,False,double,-0.7302655169541727
12,5,True,False,True,stand,0
12,5,True,False,True,draw,0
12,5,True,False,True,split,0
12,5,False,False,True,stand,0
12,5,False,False,True,draw,0
12,5,False,False,True,split,0
12,5,True,False,False,stand,0
12,5,True,False,False,draw,0
12,5,False,False,False,stand,0.0689012005577072
12,5,False,False,False,draw,0.2827168020822307
12,6,True,True,True,stand,0
12,6,True,True,True,draw,0
12,6,True,True,True,double,0
12,6,True,True,True,split,0
12,6,False,True,True,stand,0.12223319640143017
12,6,False,True,True,draw,0.26819294474116645
12,6,False,True,True,double,-0.5042831774735818
12,6,False,True,True,split,1.4739252864243886
12,6,True,True,False,stand,0
12,6,True,True,False,draw,0
12,6,True,True,False,double,0
12,6,False,True,False,stand,0.8103112214880668
12,6,False,True,False,draw,-0.4156072504907988
12,6,False,True,False,double,-1.049338280408941
12,6,True,False,True,stand,0
12,6,True,False,True,draw,0
12,6,True,False,True,split,0
12,6,False,False,True,stand,0
12,6,False,False,True,draw,0
12,6,False,False,True,split,0
12,6,True,False,False,stand,0
12,6,True,False,False,draw,0
12,6,False,False,False,stand,0.32521174027029465
12,6,False,False,False,draw,0.40944732891923474
12,7,True,True,True,stand,0
12,7,True,True,True,draw,0
12,7,True,True,True,double,0
12,7,True,True,True,split,0
12,7,False,True,True,stand,-0.5979933297461447
12,7,False,True,True,draw,0.09455252197265221
12,7,False,True,True,double,0.6202591066965508
12,7,False,True,True,split,1.214794598404048
12,7,True,True,False,stand,0
12,7,True,True,False,draw,0
12,7,True,True,False,double,0
12,7,False,True,False,stand,-0.45295766460480036
12,7,False,True,False,draw,0.22429695029822105
12,7,False,True,False,double,-0.6378687488958792
12,7,True,False,True,stand,0
12,7,True,False,True,draw,0
12,7,True,False,True,split,0
12,7,False,False,True,stand,0
12,7,False,False,True,draw,0
12,7,False,False,True,split,0
12,7,True,False,False,stand,0
12,7,True,False,False,draw,0
12,7,False,False,False,stand,-0.21664730097477464
12,7,False,False,False,draw,0.05890954252687914
12,8,True,True,True,stand,0
12,8,True,True,True,draw,0
12,8,True,True,True,double,0
12,8,True,True,True,split,0
12,8,False,True,True,stand,-0.573222918052269
12,8,False,True,True,draw,0.23685503484420103
12,8,False,True,True,double,-0.07631004228309743
12,8,False,True,True,split,1.3428051562347216
12,8,True,True,False,stand,0
12,8,True,True,False,draw,0
12,8,True,True,False,double,0
12,8,False,True,False,stand,-0.44907428547132705
12,8,False,True,False,draw,-0.27793793753950397
12,8,False,True,False,double,-0.9645981003761395
12,8,True,False,True,stand,0
12,8,True,False,True,draw,0
12,8,True,False,True,split,0
12,8,False,False,True,stand,0
12,8,False,False,True,draw,0
12,8,False,False,True,split,0
12,8,True,False,False,stand,0
12,8,True,False,False,draw,0
12,8,False,False,False,stand,-0.2736439045530868
12,8,False,False,False,draw,-0.2677265878003785
12,9,True,True,True,stand,0
12,9,True,True,True,draw,0
12,9,True,True,True,double,0
12,9,True,True,True,split,0
12,9,False,True,True,stand,-0.32751522584372417
12,9,False,True,True,draw,-0.341621366231039
12,9,False,True,True,double,-0.5714320678702447
12,9,False,True,True,split,1.2553453262853576
12,9,True,True,False,stand,0
12,9,True,True,False,draw,0
12,9,True,True,False,double,0
12,9,False,True,False,stand,-0.7958929083017104
12,9,False,True,False,draw,-0.04364702482477034
12,9,False,True,False,double,-0.6805666606672094
12,9,True,False,True,stand,0
12,9,True,False,True,draw,0
12,9,True,False,True,split,0
12,9,False,False,True,stand,0
12,9,False,False,True,draw,0
12,9,False,False,True,split,0
12,9,True,False,False,stand,0
12,9,True,False,False,draw,0
12,9,False,False,False,stand,-0.233840899995797
12,9,False,False,False,draw,-0.010460613327243129
12,10,True,True,True,stand,0
12,10,True,True,True,draw,0
12,10,True,True,True,double,0
12,10,True,True,True,split,0
12,10,False,True,True,stand,-0.111660749879615
12,10,False,True,True,draw,-0.0735049099092385
12,10,False,True,True,double,-0.8657879539444752
12,10,False,True,True,split,1.2518144268275828
12,10,True,True,False,stand,0
12,10,True,True,False,draw,0
12,10,True,True,False,double,0
12,10,False,True,False,stand,-0.4852011443689418
12,10,False,True,False,draw,-0.5104761476670719
12,10,False,True,False,double,-0.9114687804046411
12,10,True,False,True,stand,0
12,10,True,False,True,draw,0
12,10,True,False,True,split,0
12,10,False,False,True,stand,0
12,10,False,False,True,draw,0
12,10,False,False,True,split,0
12,10,True,False,False,stand,0
12,10,True,False,False,draw,0
12,10,False,False,False,stand,-0.4626966131131401
12,10,False,False,False,draw,-0.20874292228941932
12,11,True,True,True,stand,0
12,11,True,True,True,draw,0
12,11,True,True,True,double,0
12,11,True,True,True,split,0
12,11,False,True,True,stand,-0.8337260539006102
12,11,False,True,True,draw,-0.10811374991150598
12,11,False,True,True,double,-1.0717958864553985
12,11,False,True,True,split,1.021081482218176
12,11,True,True,False,stand,0
12,11,True,True,False,draw,0
12,11,True,True,False,double,0
12,11,False,True,False,stand,-0.7502533507908165
12,11,False,True,False,draw,-0.36320095622790743
12,11,False,True,False,double,-0.5270335217835773
12,11,True,False,True,stand,0
12,11,True,False,True,draw,0
12,11,True,False,True,split,0
12,11,False,False,True,stand,0
12,11,False,False,True,draw,0
12,11,False,False,True,split,0
12,11,True,False,False,stand,0
12,11,True,False,False,draw,0
12,11,False,False,False,stand,-0.2146991406510184
12,11,False,False,False,draw,-0.024984515542083724
13,2,True,True,False,stand,0.11272267825262174
13,2,True,True,False,draw,0.17686076679273843
13,2,True,True,False,double,0.8110647403608958
13,2,False,True,False,stand,-0.48957624459300775
13,2,False,True,False,draw,-0.13079370823029274
13,2,False,True,False,double,-0.7705678892913808
13,2,True,False,False,stand,0
13,2,True,False,False,draw,0
13,2,False,False,False,stand,-0.6302935482029949
13,2,False,False,False,draw,0.14858714063790546
13,3,True,True,False,stand,-0.08509272949029317
13,3,True,True,False,draw,0.5287929448188096
13,3,True,True,False,double,-0.6957739690094856
13,3,False,True,False,stand,-0.4583146762566218
13,3,False,True,False,draw,0.037671830890558776
13,3,False,True,False,double,-0.24970421279717758
13,3,True,False,False,stand,0
13,3,True,False,False,draw,0
13,3,False,False,False,stand,-0.195592301083365
13,3,False,False,False,draw,-0.07399444966343846
13,4,True,True,False,stand,-0.00830649553322503
13,4,True,True,False,draw,0.3934500573438564
13,4,True,True,False,double,-0.06865110040907552
13,4,False,True,False,stand,0.18270568980359247
13,4,False,True,False,draw,-0.4285897214562503
13,4,False,True,False,double,-0.790050127531277
13,4,True,False,False,stand,0
13,4,True,False,False,draw,0
13,4,False,False,False,stand,-0.2720423526905352
13,4,False,False,False,draw,0.11881676939505877
13,5,True,True,False,stand,-0.22063587468184956
13,5,True,True,False,draw,0.3972719675905689
13,5,True,True,False,double,0.7056942252266719
13,5,False,True,False,stand,-0.196476404940713
13,5,False,True,False,draw,-0.20815136400979226
13,5,False,True,False,double,-0.03265811984895489
13,5,True,False,False,stand,0
13,5,True,False,False,draw,0
13,5,False,False,False,stand,-0.33103712392052753
13,5,False,False,False,draw,-0.06705761145466559
13,6,True,True,False,stand,-0.4232018070308813
13,6,True,True,False,draw,0.5541982890937335
13,6,True,True,False,double,-0.2297864805733608
13,6,False,True,False,stand,0.22180963217911379
13,6,False,True,False,draw,-0.23069527913650262
13,6,False,True,False,double,-0.3796661146631189
13,6,True,False,False,stand,0
13,6,True,False,False,draw,0
13,6,False,False,False,stand,0.18011389194219457
13,6,False,False,False,draw,0.26042813465891496
13,7,True,True,False,stand,-0.3942298647694853
13,7,True,True,False,draw,0.19082069988083294
13,7,True,True,False,double,0.15655846029518394
13,7,False,True,False,stand,-0.4116318547956636
13,7,False,True,False,draw,-0.29879464751066726
13,7,False,True,False,double,-0.7008372945095132
13,7,True,False,False,stand,0
13,7,True,False,False,draw,0
13,7,False,False,False,stand,-0.5336773582616704
13,7,False,False,False,draw,0.03605415750120004
13,8,True,True,False,stand,-0.2823799739214655
13,8,True,True,False,draw,0.404063793064165
13,8,True,True,False,double,0.38212512271550325
13,8,False,True,False,stand,-0.4211268013880737
13,8,False,True,False,draw,0.004066077252240469
13,8,False,True,False,double,-0.38044308753814476
13,8,True,False,False,stand,0
13,8,True,False,False,draw,0
13,8,False,False,False,stand,-0.06753683268618169
13,8,False,False,False,draw,-0.14570146517739274
13,9,True,True,False,stand,-0.023290404087312463
13,9,True,True,False,draw,0.45993538042528415
13,9,True,True,False,double,-0.0876233449368809
13,9,False,True,False,stand,-0.5380156364133443
13,9,False,True,False,draw,-0.017352068588129772
13,9,False,True,False,double,-0.3478290951976158
13,9,True,False,False,stand,0
13,9,True,False,False,draw,0
13,9,False,False,False,stand,-0.14995645471415248
13,9,False,False,False,draw,0.03526838766398303
13,10,True,True,False,stand,-0.024038592135270626
13,10,True,True,False,draw,0.04690360098704196
13,10,True,True,False,double,-0.504979289821839
13,10,False,True,False,stand,-0.7979258479764407
13,10,False,True,False,draw,-0.2833608188053322
13,10,False,True,False,double,-1.4625377064906862
13,10,True,False,False,stand,0
13,10,True,False,False,draw,0
13,10,False,False,False,stand,-0.3440245243870682
13,10,False,False,False,draw,-0.4543378973655157
13,11,True,True,False,stand,-0.6199219978613635
13,11,True,True,False,draw,0.05659522500081528
13,11,True,True,False,double,-0.5468873935862711
13,11,False,True,False,stand,-0.9300890685247998
13,11,False,True,False,draw,-0.4459010366132627
13,11,False,True,False,double,-1.6427281863015442
13,11,True,False,False,stand,0
13,11,True,False,False,draw,0
13,11,False,False,False,stand,-0.78488910818672
13,11,False,False,False,draw,-0.7493286488632462
14,2,True,True,True,stand,0
14,2,True,True,True,draw,0
14,2,True,True,True,double,0
14,2,True,True,True,split,0
14,2,False,True,True,stand,-0.4693199540956743
14,2,False,True,True,draw,-0.21626176710976314
14,2,False,True,True,double,-0.4257419341083494
14,2,False,True,True,split,1.255297560620488
14,2,True,True,False,stand,-0.2759173220523625
14,2,True,True,False,draw,0.17664755743250332
14,2,True,True,False,double,-0.12044544611539748
14,2,False,True,False,stand,-0.10622086948406093
14,2,False,True,False,draw,-0.3318881651047796
14,2,False,True,False,double,0.21457396983987048
14,2,True,False,True,stand,0
14,2,True,False,True,draw,0
14,2,True,False,True,split,0
14,2,False,False,True,stand,0
14,2,False,False,True,draw,0
14,2,False,False,True,split,0
14,2,True,False,False,stand,0
14,2,True,False,False,draw,0
14,2,False,False,False,stand,-0.06911741641266418
14,2,False,False,False,draw,0.06429607089865177
14,3,True,True,True,stand,0
14,3,True,True,True,draw,0
14,3,True,True,True,double,0
14,3,True,True,True,split,0
14,3,False,True,True,stand,-0.04746460879941722
14,3,False,True,True,draw,-0.22409211569652807
14,3,False,True,True,double,-0.6569092248088682
14,3,False,True,True,split,1.2726016582712216
14,3,True,True,False,stand,0.15674555703263887
14,3,True,True,False,draw,0.33244531912934433
14,3,True,True,False,double,-0.7629280263735094
14,3,False,True,False,stand,-0.3076804690055949
14,3,False,True,False,draw,-0.47171463393660895
14,3,False,True,False,double,-0.5543302402142676
14,3,True,False,True,stand,0
14,3,True,False,True,draw,0
14,3,True,False,True,split,0
14,3,False,False,True,stand,0
14,3,False,False,True,draw,0
14,3,False,False,True,split,0
14,3,True,False,False,stand,0
14,3,True,False,False,draw,0
14,3,False,False,False,stand,-0.24373139892206674
14,3,False,False,False,draw,-0.30028017430127685
14,4,True,True,True,stand,0
14,4,True,True,True,draw,0
14,4,True,True,True,double,0
14,4,True,True,True,split,0
14,4,False,True,True,stand,0.14045774969041322
14,4,False,True,True,draw,-0.37680971051918616
14,4,False,True,True,double,-0.694815838229357
14,4,False,True,True,split,1.1515310140829105
14,4,True,True,False,stand,-0.2021609364305201
14,4,True,True,False,draw,0.4305710531861563
14,4,True,True,False,double,0.17404193925761818
14,4,False,True,False,stand,-0.012216397501309581
14,4,False,True,False,draw,-0.47720713483858057
14,4,False,True,False,double,-0.6990952080547637
14,4,True,False,True,stand,0
14,4,True,False,True,draw,0
14,4,True,False,True,split,0
14,4,False,False,True,stand,0
14,4,False,False,True,draw,0
14,4,False,False,True,split,0
14,4,True,False,False,stand,0
14,4,True,False,False,draw,0
14,4,False,False,False,stand,0.30974171243215354
14,4,False,False,False,draw,0.29136705152198605
14,5,True,True,True,stand,0
14,5,True,True,True,draw,0
14,5,True,True,True,double,0
14,5,True,True,True,split,0
14,5,False,True,True,stand,0.03394165766468346
14,5,False,True,True,draw,-0.268233422518688
14,5,False,True,True,double,-0.6645459209241522
14,5,False,True,True,split,1.2041448050280565
14,5,True,True,False,stand,-0.1087884982880406
14,5,True,True,False,draw,0.41413946027879733
14,5,True,True,False,double,0.14426893564674267
14,5,False,True,False,stand,-0.2319593909238865
14,5,False,True,False,draw,-0.5252245465936208
14,5,False,True,False,double,-0.5881834000564246
14,5,True,False,True,stand,0
14,5,True,False,True,draw,0
14,5,True,False,True,split,0
14,5,False,False,True,stand,0
14,5,False,False,True,draw,0
14,5,False,False,True,split,0
14,5,True,False,False,stand,0
14,5,True,False,False,draw,0
14,5,False,False,False,stand,-0.22797963089997092
14,5,False,False,False,draw,0.02496324286825738
14,6,True,True,True,stand,0
14,6,True,True,True,draw,0
14,6,True,True,True,double,0
14,6,True,True,True,split,0
14,6,False,True,True,stand,-0.030742932554051375
14,6,False,True,True,draw,-0.14459775376721062
14,6,False,True,True,double,-0.09595052153939015
14,6,False,True,True,split,1.1787850137011413
14,6,True,True,False,stand,0.025260795159673374
14,6,True,True,False,draw,0.25880467485600767
14,6,True,True,False,double,1.5261245134422154
14,6,False,True,False,stand,0.02016726037894724
14,6,False,True,False,draw,-0.1461011311688108
14,6,False,True,False,double,-0.12116401746520822
14,6,True,False,True,stand,0
14,6,True,False,True,draw,0
14,6,True,False,True,split,0
14,6,False,False,True,stand,0
14,6,False,False,True,draw,0
14,6,False,False,True,split,0
14,6,True,False,False,stand,0
14,6,True,False,False,draw,0
14,6,False,False,False,stand,0.025265067340864866
14,6,False,False,False,draw,0.041264395856688466
14,7,True,True,True,stand,0
14,7,True,True,True,draw,0
14,7,True,True,True,double,0
14,7,True,True,True,split,0
14,7,False,True,True,stand,-0.49307621530626977
14,7,False,True,True,draw,-0.32507447787537674
14,7,False,True,True,double,-1.3021484267368848
14,7,False,True,True,split,1.202595322237857
14,7,True,True,False,stand,-0.3407071034597002
14,7,True,True,False,draw,0.23022348402815135
14,7,True,True,False,double,-0.5008109818970266
14,7,False,True,False,stand,-0.2785573559245773
14,7,False,True,False,draw,-0.30063548470811186
14,7,False,True,False,double,-0.4864199786017634
14,7,True,False,True,stand,0
14,7,True,False,True,draw,0
14,7,True,False,True,split,0
14,7,False,False,True,stand,0
14,7,False,False,True,draw,0
14,7,False,False,True,split,0
14,7,True,False,False,stand,0
14,7,True,False,False,draw,0
14,7,False,False,False,stand,-0.7190590106082734
14,7,False,False,False,draw,0.04735255653991953
14,8,True,True,True,stand,0
14,8,True,True,True,draw,0
14,8,True,True,True,double,0
14,8,True,True,True,split,0
14,8,False,True,True,stand,-0.4412844417784111
14,8,False,True,True,draw,-0.3418372614197074
14,8,False,True,True,double,-0.8341745145724577
14,8,False,True,True,split,1.1565710772026647
14,8,True,True,False,stand,-0.5430906275543737
14,8,True,True,False,draw,0.4247952195501735
14,8,True,True,False,double,-0.4656667159768704
14,8,False,True,False,stand,0.03709998782575813
14,8,False,True,False,draw,-0.3759633507870139
14,8,False,True,False,double,-0.8798058187412945
14,8,True,False,True,stand,0
14,8,True,False,True,draw,0
14,8,True,False,True,split,0
14,8,False,False,True,stand,0
14,8,False,False,True,draw,0
14,8,False,False,True,split,0
14,8,True,False,False,stand,0
14,8,True,False,False,draw,0
14,8,False,False,False,stand,-0.2345576356755207
14,8,False,False,False,draw,-0.15383892937807836
14,9,True,True,True,stand,0
14,9,True,True,True,draw,0
14,9,True,True,True,double,0
14,9,True,True,True,split,0
14,9,False,True,True,stand,-0.4692823089427139
14,9,False,True,True,draw,-0.4065817896307663
14,9,False,True,True,double,-1.2253735419037037
14,9,False,True,True,split,1.0984167653508503
14,9,True,True,False,stand,-0.382098542029223
14,9,True,True,False,draw,0.2706661830899477
14,9,True,True,False,double,-0.6807562996134842
14,9,False,True,False,stand,-0.3344323689036205
14,9,False,True,False,draw,0.17414091022942207
14,9,False,True,False,double,-0.8574945973148922
14,9,True,False,True,stand,0
14,9,True,False,True,draw,0
14,9,True,False,True,split,0
14,9,False,False,True,stand,0
14,9,False,False,True,draw,0
14,9,False,False,True,split,0
14,9,True,False,False,stand,0
14,9,True,False,False,draw,0
14,9,False,False,False,stand,-0.2930774735157264
14,9,False,False,False,draw,-0.07265143011513914
14,10,True,True,True,stand,0
14,10,True,True,True,draw,0
14,10,True,True,True,double,0
14,10,True,True,True,split,0
14,10,False,True,True,stand,-0.5892029885701671
14,10,False,True,True,draw,-0.7031233525098509
14,10,False,True,True,double,-1.4683200868956614
14,10,False,True,True,split,1.066874325281402
14,10,True,True,False,stand,-0.5425854459817784
14,10,True,True,False,draw,0.018276516470232124
14,10,True,True,False,double,-0.4674809076002274
14,10,False,True,False,stand,-0.8582508283544839
14,10,False,True,False,draw,-0.3637578884890753
14,10,False,True,False,double,-1.0178972103065391
14,10,True,False,True,stand,0
14,10,True,False,True,draw,0
14,10,True,False,True,split,0
14,10,False,False,True,stand,0
14,10,False,False,True,draw,0
14,10,False,False,True,split,0
14,10,True,False,False,stand,0
14,10,True,False,False,draw,0
14,10,False,False,False,stand,-0.11404264596332672
14,10,False,False,False,draw,0.0826588810604699
14,11,True,True,True,stand,0
14,11,True,True,True,draw,0
14,11,True,True,True,double,0
14,11,True,True,True,split,0
14,11,False,True,True,stand,-0.8899346302632184
14,11,False,True,True,draw,-0.5440969627693498
14,11,False,True,True,double,-1.3502777750567256
14,11,False,True,True,split,0.9049878258139121
14,11,True,True,False,stand,-0.6292126877853835
14,11,True,True,False,draw,-0.08935965479720068
14,11,True,True,False,double,-0.5798088311254792
14,11,False,True,False,stand,-0.677168359854841
14,11,False,True,False,draw,-0.017865193462205137
14,11,False,True,False,double,-0.5049517201723303
14,11,True,False,True,stand,0
14,11,True,False,True,draw,0
14,11,True,False,True,split,0
14,11,False,False,True,stand,0
14,11,False,False,True,draw,0
14,11,False,False,True,split,0
14,11,True,False,False,stand,0
14,11,True,False,False,draw,0
14,11,False,False,False,stand,-0.9206181427819926
14,11,False,False,False,draw,0.02563305381855041
15,2,True,True,False,stand,-0.34724958225506053
15,2,True,True,False,draw,0.08720616912472733
15,2,True,True,False,double,0.7534016387116531
15,2,False,True,False,stand,-0.2801101538909137
15,2,False,True,False,draw,-0.4338244748078982
15,2,False,True,False,double,-0.5209144126967906
15,2,True,False,False,stand,-0.1619293292369627
15,2,True,False,False,draw,0.3330448521670252
15,2,False,False,False,stand,-0.1597659750188234
15,2,False,False,False,draw,0.04672425577443924
15,3,True,True,False,stand,-0.17800829720655337
15,3,True,True,False,draw,0.37626398843394765
15,3,True,True,False,double,-0.709605297437611
15,3,False,True,False,stand,-0.06216053030246796
15,3,False,True,False,draw,-0.3581342803967522
15,3,False,True,False,double,-0.9025200828207227
15,3,True,False,False,stand,-0.2478232161470909
15,3,True,False,False,draw,0.4474303439592106
15,3,False,False,False,stand,-0.18107092844213535
15,3,False,False,False,draw,-0.27256616314228466
15,4,True,True,False,stand,-0.024949550874866055
15,4,True,True,False,draw,0.2842923223477113
15,4,True,True,False,double,0.6404895723166931
15,4,False,True,False,stand,-0.23759390457017215
15,4,False,True,False,draw,-0.13000359299158315
15,4,False,True,False,double,-0.47729847658396574
15,4,True,False,False,stand,0.11837129350680348
15,4,True,False,False,draw,0.35458491226401384
15,4,False,False,False,stand,-0.024397403012799565
15,4,False,False,False,draw,-0.34086244299742696
15,5,True,True,False,stand,-0.004860185290284452
15,5,True,True,False,draw,0.37443006558892206
15,5,True,True,False,double,0.22586771923982923
15,5,False,True,False,stand,-0.5255596887020421
15,5,False,True,False,draw,-0.02630129416881031
15,5,False,True,False,double,-1.4188757396008074
15,5,True,False,False,stand,0.017983322033095578
15,5,True,False,False,draw,0.38020136085264267
15,5,False,False,False,stand,-0.04089414676655102
15,5,False,False,False,draw,0.05381703918972063
15,6,True,True,False,stand,-0.21482716990963857
15,6,True,True,False,draw,0.25597985864119877
15,6,True,True,False,double,-0.6255456414951818
15,6,False,True,False,stand,0.48861097800140696
15,6,False,True,False,draw,-0.055347402889604005
15,6,False,True,False,double,-0.2671955362024468
15,6,True,False,False,stand,0.3256905292892886
15,6,True,False,False,draw,0.3145671325926585
15,6,False,False,False,stand,-0.37133953343548975
15,6,False,False,False,draw,-0.4135243356814101
15,7,True,True,False,stand,-0.21352403463119682
15,7,True,True,False,draw,0.29458423728799277
15,7,True,True,False,double,-0.2773967907813073
15,7,False,True,False,stand,-0.29186782903834413
15,7,False,True,False,draw,-0.5583367464523668
15,7,False,True,False,double,-0.535097143439373
15,7,True,False,False,stand,-0.17360058424723962
15,7,True,False,False,draw,0.3278339304369231
15,7,False,False,False,stand,-0.10246707798600113
15,7,False,False,False,draw,-0.19793998984228506
15,8,True,True,False,stand,-0.11998954349777351
15,8,True,True,False,draw,0.34035844320868225
15,8,True,True,False,double,0.052258473605894584
15,8,False,True,False,stand,-0.7560830832362655
15,8,False,True,False,draw,-0.46453505776728854
15,8,False,True,False,double,-0.5018416256787087
15,8,True,False,False,stand,-0.03313379640798381
15,8,True,False,False,draw,0.25470038598560824
15,8,False,False,False,stand,-0.5108569187219142
15,8,False,False,False,draw,-0.22161811262972125
15,9,True,True,False,stand,-0.2008227472089791
15,9,True,True,False,draw,0.2276238859497364
15,9,True,True,False,double,-0.8821785093081473
15,9,False,True,False,stand,-0.6124328166688411
15,9,False,True,False,draw,-0.06901370392627282
15,9,False,True,False,double,-0.8064727610864988
15,9,True,False,False,stand,0.05216052700632852
15,9,True,False,False,draw,0.3456708872472626
15,9,False,False,False,stand,-0.4231535760754275
15,9,False,False,False,draw,0.3953487923840433
15,10,True,True,False,stand,-0.3644826544213722
15,10,True,True,False,draw,0.1115465255419493
15,10,True,True,False,double,-0.5152109477669201
15,10,False,True,False,stand,-0.3594884417617487
15,10,False,True,False,draw,-0.3711823753913099
15,10,False,True,False,double,-1.3708486549972492
15,10,True,False,False,stand,-0.35787450906502005
15,10,True,False,False,draw,0.2095545715597366
15,10,False,False,False,stand,-0.43811616573090006
15,10,False,False,False,draw,-0.3065254339646793
15,11,True,True,False,stand,-0.7555115212144906
15,11,True,True,False,draw,0.04860148183240337
15,11,True,True,False,double,-0.6533786911237323
15,11,False,True,False,stand,-0.6680605827384144
15,11,False,True,False,draw,-0.10769103457599571
15,11,False,True,False,double,-1.8909483013803314
15,11,True,False,False,stand,-0.7465428484280457
15,11,True,False,False,draw,0.2150050833674735
15,11,False,False,False,stand,-0.7100489699745185
15,11,False,False,False,draw,-0.22282879742982759
16,2,True,True,True,stand,0
16,2,True,True,True,draw,0
16,2,True,True,True,double,0
16,2,True,True,True,split,0
16,2,False,True,True,stand,-0.18555419307456977
16,2,False,True,True,draw,-0.15312339376607523
16,2,False,True,True,double,-1.6898641155611964
16,2,False,True,True,split,1.2370293443438807
16,2,True,True,False,stand,-0.21839160102694202
16,2,True,True,False,draw,0.37262821584198313
16,2,True,True,False,double,-0.5044449359643679
16,2,False,True,False,stand,-0.2643909011562914
16,2,False,True,False,draw,-0.2955665580625202
16,2,False,True,False,double,-1.3602635506545666
16,2,True,False,True,stand,0
16,2,True,False,True,draw,0
16,2,True,False,True,split,0
16,2,False,False,True,stand,0
16,2,False,False,True,draw,0
16,2,False,False,True,split,0
16,2,True,False,False,stand,-0.19215553131848323
16,2,True,False,False,draw,0.2377842488671954
16,2,False,False,False,stand,0.15380246030939076
16,2,False,False,False,draw,-0.2066764628766407
16,3,True,True,True,stand,0
16,3,True,True,True,draw,0
16,3,True,True,True,double,0
16,3,True,True,True,split,0
16,3,False,True,True,stand,-0.15033432655241868
16,3,False,True,True,draw,-0.5783352558277794
16,3,False,True,True,double,-1.0930130420092692
16,3,False,True,True,split,1.2259093560697523
16,3,True,True,False,stand,0.25062134355246923
16,3,True,True,False,draw,0.3680434645905763
16,3,True,True,False,double,-0.6090630301089808
16,3,False,True,False,stand,0.16323010550261982
16,3,False,True,False,draw,-0.4077562791628414
16,3,False,True,False,double,-0.2560401002495796
16,3,True,False,True,stand,0
16,3,True,False,True,draw,0
16,3,True,False,True,split,0
16,3,False,False,True,stand,0
16,3,False,False,True,draw,0
16,3,False,False,True,split,0
16,3,True,False,False,stand,0.19802552864822207
16,3,True,False,False,draw,0.41799531194212636
16,3,False,False,False,stand,-0.1585709094329355
16,3,False,False,False,draw,0.3111388021688337
16,4,True,True,True,stand,0
16,4,True,True,True,draw,0
16,4,True,True,True,double,0
16,4,True,True,True,split,0
16,4,False,True,True,stand,-0.4949469645236344
16,4,False,True,True,draw,-0.46727727562680077
16,4,False,True,True,double,-0.30794309718826907
16,4,False,True,True,split,1.3025438756864767
16,4,True,True,False,stand,-0.3134645310741292
16,4,True,True,False,draw,0.46298922162654726
16,4,True,True,False,double,0.1417001581892815
16,4,False,True,False,stand,-0.14682369486307753
16,4,False,True,False,draw,-0.36501303888542247
16,4,False,True,False,double,-1.0854135873098332
16,4,True,False,True,stand,0
16,4,True,False,True,draw,0
16,4,True,False,True,split,0
16,4,False,False,True,stand,0
16,4,False,False,True,draw,0
16,4,False,False,True,split,0
16,4,True,False,False,stand,0.09127441959554218
16,4,True,False,False,draw,0.3976186669758188
16,4,False,False,False,stand,0.05426322453554003
16,4,False,False,False,draw,-0.19730740083225257
16,5,True,True,True,stand,0
16,5,True,True,True,draw,0
16,5,True,True,True,double,0
16,5,True,True,True,split,0
16,5,False,True,True,stand,-0.22154657736139013
16,5,False,True,True,draw,-0.30898635148727116
16,5,False,True,True,double,-0.9020483387824447
16,5,False,True,True,split,1.4171194234130984
16,5,True,True,False,stand,-0.6608110125222946
16,5,True,True,False,draw,0.28006209684369676
16,5,True,True,False,double,-0.26736075534087106
16,5,False,True,False,stand,0.38469412249933355
16,5,False,True,False,draw,-0.6758847066118301
16,5,False,True,False,double,-1.5094130501899896
16,5,True,False,True,stand,0
16,5,True,False,True,draw,0
16,5,True,False,True,split,0
16,5,False,False,True,stand,0
16,5,False,False,True,draw,0
16,5,False,False,True,split,0
16,5,True,False,False,stand,0.08232964532191975
16,5,True,False,False,draw,0.35734444030499835
16,5,False,False,False,stand,0.014514205026314064
16,5,False,False,False,draw,0.1176813285684774
16,6,True,True,True,stand,0
16,6,True,True,True,draw,0
16,6,True,True,True,double,0
16,6,True,True,True,split,0
16,6,False,True,True,stand,-0.16677631157272096
16,6,False,True,True,draw,-0.29303996418199046
16,6,False,True,True,double,-0.6127534736594351
16,6,False,True,True,split,1.302645158212891
16,6,True,True,False,stand,-0.31225067273462237
16,6,True,True,False,draw,0.3573641330837656
16,6,True,True,False,double,0.06197047063001143
16,6,False,True,False,stand,-0.30334516447612303
16,6,False,True,False,draw,-0.0670826630366157
16,6,False,True,False,double,-0.5228882371243255
16,6,True,False,True,stand,0
16,6,True,False,True,draw,0
16,6,True,False,True,split,0
16,6,False,False,True,stand,0
16,6,False,False,True,draw,0
16,6,False,False,True,split,0
16,6,True,False,False,stand,0.01903579690392558
16,6,True,False,False,draw,0.20646698544353906
16,6,False,False,False,stand,0.28223325387306475
16,6,False,False,False,draw,-0.16375651030982474
16,7,True,True,True,stand,0
16,7,True,True,True,draw,0
16,7,True,True,True,double,0
16,7,True,True,True,split,0
16,7,False,True,True,stand,-0.4681298259509143
16,7,False,True,True,draw,-0.2690038628714323
16,7,False,True,True,double,-0.7564010199808937
16,7,False,True,True,split,1.4319236776500406
16,7,True,True,False,stand,-0.3680018091626822
16,7,True,True,False,draw,0.25124161020282615
16,7,True,True,False,double,-0.17596343450622254
16,7,False,True,False,stand,-0.8269388826563187
16,7,False,True,False,draw,-0.41194533532469163
16,7,False,True,False,double,-0.1372942287885442
16,7,True,False,True,stand,0
16,7,True,False,True,draw,0
16,7,True,False,True,split,0
16,7,False,False,True,stand,0
16,7,False,False,True,draw,0
16,7,False,False,True,split,0
16,7,True,False,False,stand,-0.2645090710574072
16,7,True,False,False,draw,0.3716220165347062
16,7,False,False,False,stand,-0.09120281849811161
16,7,False,False,False,draw,0.16939137627148432
16,8,True,True,True,stand,0
16,8,True,True,True,draw,0
16,8,True,True,True,double,0
16,8,True,True,True,split,0
16,8,False,True,True,stand,-0.512894154180048
16,8,False,True,True,draw,-0.3239880951865793
16,8,False,True,True,double,-0.652654825792451
16,8,False,True,True,split,1.3277408292231474
16,8,True,True,False,stand,-0.1318432962336455
16,8,True,True,False,draw,0.22880406719053212
16,8,True,True,False,double,-0.3081156347101819
16,8,False,True,False,stand,-0.49395022781241305
16,8,False,True,False,draw,-0.3276717877958244
16,8,False,True,False,double,-0.5824934791747942
16,8,True,False,True,stand,0
16,8,True,False,True,draw,0
16,8,True,False,True,split,0
16,8,False,False,True,stand,0
16,8,False,False,True,draw,0
16,8,False,False,True,split,0
16,8,True,False,False,stand,0.13959522469875027
16,8,True,False,False,draw,0.4581893562273817
16,8,False,False,False,stand,-0.5212192165424652
16,8,False,False,False,draw,-0.3378451924376882
16,9,True,True,True,stand,0
16,9,True,True,True,draw,0
16,9,True,True,True,double,0
16,9,True,True,True,split,0
16,9,False,True,True,stand,-0.5023581796318621
16,9,False,True,True,draw,-0.0050501014791175525
16,9,False,True,True,double,-0.8874873798005003
16,9,False,True,True,split,1.1531568772823693
16,9,True,True,False,stand,-0.4578863914026265
16,9,True,True,False,draw,0.11065928725893842
16,9,True,True,False,double,-0.5290706444563582
16,9,False,True,False,stand,-0.5120573201405647
16,9,False,True,False,draw,-0.26119127958968125
16,9,False,True,False,double,-1.3853539841019904
16,9,True,False,True,stand,0
16,9,True,False,True,draw,0
16,9,True,False,True,split,0
16,9,False,False,True,stand,0
16,9,False,False,True,draw,0
16,9,False,False,True,split,0
16,9,True,False,False,stand,-0.23123188717945098
16,9,True,False,False,draw,0.40146623957939237
16,9,False,False,False,stand,-0.08776367341846017
16,9,False,False,False,draw,-0.14165893057092643
16,10,True,True,True,stand,0
16,10,True,True,True,draw,0
16,10,True,True,True,double,0
16,10,True,True,True,split,0
16,10,False,True,True,stand,-0.3062456908205793
16,10,False,True,True,draw,-0.30502222875338386
16,10,False,True,True,double,-0.9324908584601757
16,10,False,True,True,split,1.0043429483297401
16,10,True,True,False,stand,-0.21221962170446884
16,10,True,True,False,draw,0.02949353237360792
16,10,True,True,False,double,-0.43409283070112403
16,10,False,True,False,stand,-0.7765601849312569
16,10,False,True,False,draw,-0.6809540517738986
16,10,False,True,False,double,-0.8450211394535316
16,10,True,False,True,stand,0
16,10,True,False,True,draw,0
16,10,True,False,True,split,0
16,10,False,False,True,stand,0
16,10,False,False,True,draw,0
16,10,False,False,True,split,0
16,10,True,False,False,stand,-0.22967054171855367
16,10,True,False,False,draw,0.350978774700628
16,10,False,False,False,stand,-0.3861200559281488
16,10,False,False,False,draw,-0.2909414484030711
16,11,True,True,True,stand,0
16,11,True,True,True,draw,0
16,11,True,True,True,double,0
16,11,True,True,True,split,0
16,11,False,True,True,stand,-0.7957514409597104
16,11,False,True,True,draw,-0.765442890772316
16,11,False,True,True,double,-1.3373298483617595
16,11,False,True,True,split,0.8153527683969856
16,11,True,True,False,stand,-0.7928644905560824
16,11,True,True,False,draw,-0.1361542182510697
16,11,True,True,False,double,-1.107790530769523
16,11,False,True,False,stand,-0.6727232048754572
16,11,False,True,False,draw,-0.14713871181694257
16,11,False,True,False,double,-0.8995452803299493
16,11,True,False,True,stand,0
16,11,True,False,True,draw,0
16,11,True,False,True,split,0
16,11,False,False,True,stand,0
16,11,False,False,True,draw,0
16,11,False,False,True,split,0
16,11,True,False,False,stand,-0.9219121480957077
16,11,True,False,False,draw,-0.04834822240480433
16,11,False,False,False,stand,-0.6186833443684616
16,11,False,False,False,draw,-0.6191595992224797
17,2,True,True,False,stand,-0.19214055144334427
17,2,True,True,False,draw,0.39216377654231105
17,2,True,True,False,double,-0.3194583185671298
17,2,False,True,False,stand,0.19454067061280853
17,2,False,True,False,draw,-0.08453316599156266
17,2,False,True,False,double,-1.0429235398222714
17,2,True,False,False,stand,0.043222071862472136
17,2,True,False,False,draw,0.4972503075920933
17,2,False,False,False,stand,0.2353750293733812
17,2,False,False,False,draw,0.1031585626447963
17,3,True,True,False,stand,-0.09870732171283589
17,3,True,True,False,draw,0.32749669137221155
17,3,True,True,False,double,-0.40280259916468647
17,3,False,True,False,stand,0.015182794194716992
17,3,False,True,False,draw,-0.42445488713522905
17,3,False,True,False,double,-0.4447031961884603
17,3,True,False,False,stand,0.41630114847002586
17,3,True,False,False,draw,0.49981241726824793
17,3,False,False,False,stand,0.47244901061721245
17,3,False,False,False,draw,0.09795033896577482
17,4,True,True,False,stand,-0.5393014934656253
17,4,True,True,False,draw,0.2587871744125474
17,4,True,True,False,double,0.4190168757334357
17,4,False,True,False,stand,-0.23406114431202507
17,4,False,True,False,draw,-0.544875919548641
17,4,False,True,False,double,-0.9278758023555504
17,4,True,False,False,stand,0.1427114352876047
17,4,True,False,False,draw,0.521020128398184
17,4,False,False,False,stand,0.14011439365756415
17,4,False,False,False,draw,-0.062169346112729534
17,5,True,True,False,stand,0.24593882891192564
17,5,True,True,False,draw,0.2938258345486013
17,5,True,True,False,double,1.1185059468140137
17,5,False,True,False,stand,0.10904964983962798
17,5,False,True,False,draw,-0.8700502550684807
17,5,False,True,False,double,-0.41543355437969276
17,5,True,False,False,stand,-0.03745094613487823
17,5,True,False,False,draw,0.42613606614131794
17,5,False,False,False,stand,0.42557138975607434
17,5,False,False,False,draw,0.01610220701233626
17,6,True,True,False,stand,0.0777150264666332
17,6,True,True,False,draw,0.3546236256639943
17,6,True,True,False,double,-0.744128998173484
17,6,False,True,False,stand,0.6094050195964552
17,6,False,True,False,draw,-0.35663999784540973
17,6,False,True,False,double,-0.8506471678045233
17,6,True,False,False,stand,0.25910876586388054
17,6,True,False,False,draw,0.29917031755441015
17,6,False,False,False,stand,0.2584388167267832
17,6,False,False,False,draw,0.16629385587949272
17,7,True,True,False,stand,-0.027404439229056984
17,7,True,True,False,draw,0.3851646552233574
17,7,True,True,False,double,-0.04549571712778028
17,7,False,True,False,stand,0.38286377010883166
17,7,False,True,False,draw,-0.4097562965887154
17,7,False,True,False,double,-0.9074235380623794
17,7,True,False,False,stand,-0.03136661597604368
17,7,True,False,False,draw,0.35751743491256477
17,7,False,False,False,stand,0.3717661043211645
17,7,False,False,False,draw,0.27183294799899826
17,8,True,True,False,stand,-0.5145339973648954
17,8,True,True,False,draw,0.25110084565095575
17,8,True,True,False,double,-0.16600962313293074
17,8,False,True,False,stand,-0.24732410905423496
17,8,False,True,False,draw,-0.21824614085169036
17,8,False,True,False,double,-1.1265731651009585
17,8,True,False,False,stand,0.10790140723008564
17,8,True,False,False,draw,0.4695769093997996
17,8,False,False,False,stand,-0.3664984635706448
17,8,False,False,False,draw,-0.41509339272327855
17,9,True,True,False,stand,-0.21521311678904573
17,9,True,True,False,draw,0.19469085759109428
17,9,True,True,False,double,-0.3785810062472924
17,9,False,True,False,stand,-0.25613898148575465
17,9,False,True,False,draw,-0.4736539640257133
17,9,False,True,False,double,-0.4904741338005826
17,9,True,False,False,stand,0.035500079256608336
17,9,True,False,False,draw,0.2299914511868997
17,9,False,False,False,stand,0.15715400020459544
17,9,False,False,False,draw,0.3812773368494314
17,10,True,True,False,stand,-0.11534089220676665
17,10,True,True,False,draw,-0.043572770956433984
17,10,True,True,False,double,-0.08080371416269999
17,10,False,True,False,stand,-0.5274811489901591
17,10,False,True,False,draw,-0.7535985298720981
17,10,False,True,False,double,-1.029957453679853
17,10,True,False,False,stand,-0.3007901751877251
17,10,True,False,False,draw,-0.009681708526126362
17,10,False,False,False,stand,-0.5910715160191437
17,10,False,False,False,draw,-0.17344394002512314
17,11,True,True,False,stand,-0.5784758388674089
17,11,True,True,False,draw,-0.018006941714227093
17,11,True,True,False,double,-1.1372529050631552
17,11,False,True,False,stand,-0.518675107354569
17,11,False,True,False,draw,-0.6008216169358084
17,11,False,True,False,double,-1.0443797277992042
17,11,True,False,False,stand,-0.25664648696124354
17,11,True,False,False,draw,0.2652492494766293
17,11,False,False,False,stand,-0.2564978770961428
17,11,False,False,False,draw,-0.2993385397175303
18,2,True,True,True,stand,0
18,2,True,True,True,draw,0
18,2,True,True,True,double,0
18,2,True,True,True,split,0
18,2,False,True,True,stand,-0.08224806690638328
18,2,False,True,True,draw,-0.7144945645538244
18,2,False,True,True,double,-0.8000267118276468
18,2,False,True,True,split,1.40632376122454
18,2,True,True,False,stand,0.20327911358440998
18,2,True,True,False,draw,0.19711151095171636
18,2,True,True,False,double,0.6736461054990327
18,2,False,True,False,stand,0.32808076173319106
18,2,False,True,False,draw,-0.2817907329683288
18,2,False,True,False,double,-0.8353909254512697
18,2,True,False,True,stand,0
18,2,True,False,True,draw,0
18,2,True,False,True,split,0
18,2,False,False,True,stand,0
18,2,False,False,True,draw,0
18,2,False,False,True,split,0
18,2,True,False,False,stand,0.21529490998449405
18,2,True,False,False,draw,0.2757035664298011
18,2,False,False,False,stand,0.31176266611250036
18,2,False,False,False,draw,0.2249676008541246
18,3,True,True,True,stand,0
18,3,True,True,True,draw,0
18,3,True,True,True,double,0
18,3,True,True,True,split,0
18,3,False,True,True,stand,-0.024843096512440044
18,3,False,True,True,draw,-0.40603610432546944
18,3,False,True,True,double,-1.5193386933611284
18,3,False,True,True,split,1.3575159104036476
18,3,True,True,False,stand,0.11707448777230002
18,3,True,True,False,draw,0.34240828658627565
18,3,True,True,False,double,0.08303546998101494
18,3,False,True,False,stand,0.5255524880572414
18,3,False,True,False,draw,-0.5786041470551849
18,3,False,True,False,double,-0.837181104088521
18,3,True,False,True,stand,0
18,3,True,False,True,draw,0
18,3,True,False,True,split,0
18,3,False,False,True,stand,0
18,3,False,False,True,draw,0
18,3,False,False,True,split,0
18,3,True,False,False,stand,0.06756262860711557
18,3,True,False,False,draw,0.6057099857140383
18,3,False,False,False,stand,0.10541775475092661
18,3,False,False,False,draw,0.19476312374815452
18,4,True,True,True,stand,0
18,4,True,True,True,draw,0
18,4,True,True,True,double,0
18,4,True,True,True,split,0
18,4,False,True,True,stand,0.33200555610905647
18,4,False,True,True,draw,-0.6576021907327395
18,4,False,True,True,double,-0.8671747878192111
18,4,False,True,True,split,1.4247174994841043
18,4,True,True,False,stand,0.060739285936361034
18,4,True,True,False,draw,0.33360602062698064
18,4,True,True,False,double,-0.8639586630040177
18,4,False,True,False,stand,0.6000282594924297
18,4,False,True,False,draw,0.030495059611309494
18,4,False,True,False,double,-0.9130896200534533
18,4,True,False,True,stand,0
18,4,True,False,True,draw,0
18,4,True,False,True,split,0
18,4,False,False,True,stand,0
18,4,False,False,True,draw,0
18,4,False,False,True,split,0
18,4,True,False,False,stand,0.3043026450650841
18,4,True,False,False,draw,0.386438993014514
18,4,False,False,False,stand,0.41296209575208137
18,4,False,False,False,draw,0.39617592579336697
18,5,True,True,True,stand,0
18,5,True,True,True,draw,0
18,5,True,True,True,double,0
18,5,True,True,True,split,0
18,5,False,True,True,stand,0.2085836230249395
18,5,False,True,True,draw,-0.619346899446204
18,5,False,True,True,double,-1.2381972732457773
18,5,False,True,True,split,1.349468737625612
18,5,True,True,False,stand,0.07379981029474432
18,5,True,True,False,draw,0.2696456584813621
18,5,True,True,False,double,-0.15266610999106836
18,5,False,True,False,stand,0.2991294024539614
18,5,False,True,False,draw,-0.2408022175632104
18,5,False,True,False,double,-1.3283230833168385
18,5,True,False,True,stand,0
18,5,True,False,True,draw,0
18,5,True,False,True,split,0
18,5,False,False,True,stand,0
18,5,False,False,True,draw,0
18,5,False,False,True,split,0
18,5,True,False,False,stand,0.5967335523342603
18,5,True,False,False,draw,0.6409990014216905
18,5,False,False,False,stand,0.25671103090944947
18,5,False,False,False,draw,0.003798961996587108
18,6,True,True,True,stand,0
18,6,True,True,True,draw,0
18,6,True,True,True,double,0
18,6,True,True,True,split,0
18,6,False,True,True,stand,0.014177210103620663
18,6,False,True,True,draw,-0.6163188414114598
18,6,False,True,True,double,-1.0403282343338929
18,6,False,True,True,split,1.3700981374555785
18,6,True,True,False,stand,0.5301557537536564
18,6,True,True,False,draw,0.34968044886780286
18,6,True,True,False,double,-0.2556157672901053
18,6,False,True,False,stand,0.5472287084541766
18,6,False,True,False,draw,-0.2868249650423134
18,6,False,True,False,double,-0.6168535636280824
18,6,True,False,True,stand,0
18,6,True,False,True,draw,0
18,6,True,False,True,split,0
18,6,False,False,True,stand,0
18,6,False,False,True,draw,0
18,6,False,False,True,split,0
18,6,True,False,False,stand,0.28628436679258795
18,6,True,False,False,draw,0.8066639091132153
18,6,False,False,False,stand,1.07301091948835
18,6,False,False,False,draw,0.8833030542742085
18,7,True,True,True,stand,0
18,7,True,True,True,draw,0
18,7,True,True,True,double,0
18,7,True,True,True,split,0
18,7,False,True,True,stand,0.4760949208487779
18,7,False,True,True,draw,-0.5821707598707702
18,7,False,True,True,double,-0.9912286854472666
18,7,False,True,True,split,1.2129542012989578
18,7,True,True,False,stand,0.3729373916567751
18,7,True,True,False,draw,0.39518878614172137
18,7,True,True,False,double,-0.09859868257579518
18,7,False,True,False,stand,0.7934348810290278
18,7,False,True,False,draw,0.09631755419428571
18,7,False,True,False,double,-0.6242467297932317
18,7,True,False,True,stand,0
18,7,True,False,True,draw,0
18,7,True,False,True,split,0
18,7,False,False,True,stand,0
18,7,False,False,True,draw,0
18,7,False,False,True,split,0
18,7,True,False,False,stand,0.6757998083374981
18,7,True,False,False,draw,0.5850884987766459
18,7,False,False,False,stand,1.007134296185405
18,7,False,False,False,draw,0.3469027102619524
18,8,True,True,True,stand,0
18,8,True,True,True,draw,0
18,8,True,True,True,double,0
18,8,True,True,True,split,0
18,8,False,True,True,stand,-0.08772440210245719
18,8,False,True,True,draw,-0.5684916310009294
18,8,False,True,True,double,-1.2700346095938788
18,8,False,True,True,split,1.227139950924415
18,8,True,True,False,stand,0.18132181578839168
18,8,True,True,False,draw,0.17929871127264074
18,8,True,True,False,double,0.33992949310044773
18,8,False,True,False,stand,0.3747949974485586
18,8,False,True,False,draw,-0.2875589125849649
18,8,False,True,False,double,-0.9061552204024884
18,8,True,False,True,stand,0
18,8,True,False,True,draw,0
18,8,True,False,True,split,0
18,8,False,False,True,stand,0
18,8,False,False,True,draw,0
18,8,False,False,True,split,0
18,8,True,False,False,stand,0.26156357560423954
18,8,True,False,False,draw,0.6708687402928644
18,8,False,False,False,stand,0.22902070974962038
18,8,False,False,False,draw,0.04614152466442288
18,9,True,True,True,stand,0
18,9,True,True,True,draw,0
18,9,True,True,True,double,0
18,9,True,True,True,split,0
18,9,False,True,True,stand,-0.11262066670999114
18,9,False,True,True,draw,-0.8066725584965675
18,9,False,True,True,double,-0.5564948598156155
18,9,False,True,True,split,1.0768141945536676
18,9,True,True,False,stand,-0.29036569795276496
18,9,True,True,False,draw,0.1958984805065073
18,9,True,True,False,double,-0.8833630211316582
18,9,False,True,False,stand,0.03139616530910083
18,9,False,True,False,draw,-0.8559338362467487
18,9,False,True,False,double,-0.8338809946880096
18,9,True,False,True,stand,0
18,9,True,False,True,draw,0
18,9,True,False,True,split,0
18,9,False,False,True,stand,0
18,9,False,False,True,draw,0
18,9,False,False,True,split,0
18,9,True,False,False,stand,-0.03815193630378472
18,9,True,False,False,draw,0.2560621522178142
18,9,False,False,False,stand,0.4044586664911599
18,9,False,False,False,draw,0.10189713377954458
18,10,True,True,True,stand,0
18,10,True,True,True,draw,0
18,10,True,True,True,double,0
18,10,True,True,True,split,0
18,10,False,True,True,stand,-0.5234502019976183
18,10,False,True,True,draw,-0.7249919281111166
18,10,False,True,True,double,-1.0013520948400543
18,10,False,True,True,split,1.010523642742885
18,10,True,True,False,stand,-0.08841522369302593
18,10,True,True,False,draw,0.06854048572221239
18,10,True,True,False,double,0.3390252286829918
18,10,False,True,False,stand,0.34751713212620483
18,10,False,True,False,draw,-0.4963742541348857
18,10,False,True,False,double,-1.4854863798149953
18,10,True,False,True,stand,0
18,10,True,False,True,draw,0
18,10,True,False,True,split,0
18,10,False,False,True,stand,0
18,10,False,False,True,draw,0
18,10,False,False,True,split,0
18,10,True,False,False,stand,-0.18952004536147507
18,10,True,False,False,draw,0.06700345315872161
18,10,False,False,False,stand,-0.1322038410985898
18,10,False,False,False,draw,-0.6833928085224552
18,11,True,True,True,stand,0
18,11,True,True,True,draw,0
18,11,True,True,True,double,0
18,11,True,True,True,split,0
18,11,False,True,True,stand,-0.24430525254630675
18,11,False,True,True,draw,-0.5302829694353988
18,11,False,True,True,double,-1.7076207284054874
18,11,False,True,True,split,0.8370250664619959
18,11,True,True,False,stand,-0.7396724760187592
18,11,True,True,False,draw,-0.0926909509014443
18,11,True,True,False,double,-1.1957716829949427
18,11,False,True,False,stand,-0.2965139931283697
18,11,False,True,False,draw,-0.46493275133203915
18,11,False,True,False,double,-0.6722958513622496
18,11,True,False,True,stand,0
18,11,True,False,True,draw,0
18,11,True,False,True,split,0
18,11,False,False,True,stand,0
18,11,False,False,True,draw,0
18,11,False,False,True,split,0
18,11,True,False,False,stand,-0.3215851371592219
18,11,True,False,False,draw,-0.05024798349677405
18,11,False,False,False,stand,-0.323994815999356
18,11,False,False,False,draw,-0.34271534461414116
19,2,True,True,False,stand,0.12008192443665035
19,2,True,True,False,draw,0.4463643203685068
19,2,True,True,False,double,-0.30404070444501896
19,2,False,True,False,stand,0.47348842133225894
19,2,False,True,False,draw,-0.7145783173919573
19,2,False,True,False,double,-0.9065227807987881
19,2,True,False,False,stand,0.3530166038469418
19,2,True,False,False,draw,0.6416044580228215
19,2,False,False,False,stand,0.45927125376659295
19,2,False,False,False,draw,-0.1773303795839065
19,3,True,True,False,stand,0.03554115787458818
19,3,True,True,False,draw,0.35084438569236504
19,3,True,True,False,double,0.1221588075676642
19,3,False,True,False,stand,1.2584269132789991
19,3,False,True,False,draw,-0.6528081273216514
19,3,False,True,False,double,-0.9680291660027375
19,3,True,False,False,stand,0.7975689154977836
19,3,True,False,False,draw,0.8350844880154771
19,3,False,False,False,stand,0.35812127381775094
19,3,False,False,False,draw,0.09664566822604584
19,4,True,True,False,stand,0.6768775174222661
19,4,True,True,False,draw,0.18431197024871845
19,4,True,True,False,double,0.3205020444902541
19,4,False,True,False,stand,0.7990426899756541
19,4,False,True,False,draw,-0.6979563444729605
19,4,False,True,False,double,-0.909055479804682
19,4,True,False,False,stand,0.3332227163951011
19,4,True,False,False,draw,0.5537349935865011
19,4,False,False,False,stand,-0.07327906922834934
19,4,False,False,False,draw,-0.21131358039998283
19,5,True,True,False,stand,0.357260428581488
19,5,True,True,False,draw,0.3961998436796924
19,5,True,True,False,double,-0.3649608912611373
19,5,False,True,False,stand,0.7440508439838834
19,5,False,True,False,draw,-0.15875519667130256
19,5,False,True,False,double,-0.34176111892368105
19,5,True,False,False,stand,0.8958673675447887
19,5,True,False,False,draw,0.9114835631205567
19,5,False,False,False,stand,0.8039868201716318
19,5,False,False,False,draw,-0.03184229686241416
19,6,True,True,False,stand,0.34141632061262817
19,6,True,True,False,draw,0.43814012933246166
19,6,True,True,False,double,0.10503610371450098
19,6,False,True,False,stand,0.3521835297652918
19,6,False,True,False,draw,-0.6685971364626648
19,6,False,True,False,double,-1.2969552227224899
19,6,True,False,False,stand,0.5313539929947545
19,6,True,False,False,draw,0.6138874750568624
19,6,False,False,False,stand,0.6303444868763165
19,6,False,False,False,draw,-0.024480150187516175
19,7,True,True,False,stand,0.9590575683327857
19,7,True,True,False,draw,0.5410471340050536
19,7,True,True,False,double,-0.007785317816433102
19,7,False,True,False,stand,0.4292192491593243
19,7,False,True,False,draw,-0.38297840928780713
19,7,False,True,False,double,-0.9282622568393066
19,7,True,False,False,stand,0.35011894421098866
19,7,True,False,False,draw,0.6539996114812212
19,7,False,False,False,stand,0.8299738390724235
19,7,False,False,False,draw,0.6979763593248757
19,8,True,True,False,stand,0.9612492219044464
19,8,True,True,False,draw,0.25602143327825005
19,8,True,True,False,double,-0.3541911759544348
19,8,False,True,False,stand,0.5886851350208694
19,8,False,True,False,draw,-0.24090524204435482
19,8,False,True,False,double,-0.8215296130215441
19,8,True,False,False,stand,0.6605386020547552
19,8,True,False,False,draw,0.6632707019890272
19,8,False,False,False,stand,0.6092332747636476
19,8,False,False,False,draw,0.49109309494289927
19,9,True,True,False,stand,0.13136273906871113
19,9,True,True,False,draw,0.3429857122217259
19,9,True,True,False,double,0.17101203194560444
19,9,False,True,False,stand,0.4826017487097122
19,9,False,True,False,draw,-0.42252647881154937
19,9,False,True,False,double,-1.4238207346634528
19,9,True,False,False,stand,0.40387859117787817
19,9,True,False,False,draw,0.429917801105805
19,9,False,False,False,stand,0.6289122731964336
19,9,False,False,False,draw,0.37127785561522186
19,10,True,True,False,stand,0.42116423454485075
19,10,True,True,False,draw,0.09057726408385744
19,10,True,True,False,double,0.0927657649978742
19,10,False,True,False,stand,0.19293608234169252
19,10,False,True,False,draw,-0.5008000387175918
19,10,False,True,False,double,-1.2036663922110709
19,10,True,False,False,stand,0.2488833789171832
19,10,True,False,False,draw,0.38615578695704433
19,10,False,False,False,stand,-0.13302242102361383
19,10,False,False,False,draw,-0.11377351933227692
19,11,True,True,False,stand,-0.33184766477208505
19,11,True,True,False,draw,-0.01496745738408052
19,11,True,True,False,double,-0.7135373469922439
19,11,False,True,False,stand,0.18320949805800116
19,11,False,True,False,draw,-0.0995537592346824
19,11,False,True,False,double,-1.5330823028338096
19,11,True,False,False,stand,-0.16424009677674017
19,11,True,False,False,draw,0.2316445637733455
19,11,False,False,False,stand,-0.27064065339776594
19,11,False,False,False,draw,-0.23242708903955164
20,2,True,True,True,stand,0
20,2,True,True,True,draw,0
20,2,True,True,True,double,0
20,2,True,True,True,split,0
20,2,False,True,True,stand,0.5771201395420383
20,2,False,True,True,draw,-0.726208691063392
20,2,False,True,True,double,-1.9133992016984425
20,2,False,True,True,split,1.4482644480383189
20,2,True,True,False,stand,0.7336653491200475
20,2,True,True,False,draw,0.34172075446351957
20,2,True,True,False,double,0.2969944649307085
20,2,False,True,False,stand,1.094009635731459
20,2,False,True,False,draw,-0.6905936950857898
20,2,False,True,False,double,-1.3440583568305589
20,2,True,False,True,stand,0
20,2,True,False,True,draw,0
20,2,True,False,True,split,0
20,2,False,False,True,stand,0
20,2,False,False,True,draw,0
20,2,False,False,True,split,0
20,2,True,False,False,stand,0.6407411067354731
20,2,True,False,False,draw,1.1208361494411607
20,2,False,False,False,stand,1.0247461478373798
20,2,False,False,False,draw,0.7083758998526762
20,3,True,True,True,stand,0
20,3,True,True,True,draw,0
20,3,True,True,True,double,0
20,3,True,True,True,split,0
20,3,False,True,True,stand,0.6179761117217584
20,3,False,True,True,draw,-0.44892045898310007
20,3,False,True,True,double,-1.8000544102201717
20,3,False,True,True,split,1.3738111192712785
20,3,True,True,False,stand,1.1240806581679423
20,3,True,True,False,draw,0.32677331236907925
20,3,True,True,False,double,0.20527482039991982
20,3,False,True,False,stand,0.7235911939203596
20,3,False,True,False,draw,0.14801066562250292
20,3,False,True,False,double,-0.9059204125213963
20,3,True,False,True,stand,0
20,3,True,False,True,draw,0
20,3,True,False,True,split,0
20,3,False,False,True,stand,0
20,3,False,False,True,draw,0
20,3,False,False,True,split,0
20,3,True,False,False,stand,0.40899047526732163
20,3,True,False,False,draw,0.5872039220745926
20,3,False,False,False,stand,1.0260857589144474
20,3,False,False,False,draw,0.4179251441369679
20,4,True,True,True,stand,0
20,4,True,True,True,draw,0
20,4,True,True,True,double,0
20,4,True,True,True,split,0
20,4,False,True,True,stand,0.7233062280584329
20,4,False,True,True,draw,-0.6729804889587375
20,4,False,True,True,double,-1.728652427973528
20,4,False,True,True,split,1.3227507476776226
20,4,True,True,False,stand,0.6314753742321926
20,4,True,True,False,draw,0.4300464832561451
20,4,True,True,False,double,0.7517788725276542
20,4,False,True,False,stand,1.1070149524885622
20,4,False,True,False,draw,-0.41597407751849913
20,4,False,True,False,double,-1.6707295239837492
20,4,True,False,True,stand,0
20,4,True,False,True,draw,0
20,4,True,False,True,split,0
20,4,False,False,True,stand,0
20,4,False,False,True,draw,0
20,4,False,False,True,split,0
20,4,True,False,False,stand,0.7421844689222499
20,4,True,False,False,draw,0.8901298489610647
20,4,False,False,False,stand,0.4661760961274263
20,4,False,False,False,draw,0.8484777410401261
20,5,True,True,True,stand,0
20,5,True,True,True,draw,0
20,5,True,True,True,double,0
20,5,True,True,True,split,0
20,5,False,True,True,stand,0.6375813339089453
20,5,False,True,True,draw,-0.8035717042793887
20,5,False,True,True,double,-1.552537224492829
20,5,False,True,True,split,1.6023095615230365
20,5,True,True,False,stand,0.5673792080711102
20,5,True,True,False,draw,0.38277392427322726
20,5,True,True,False,double,0.23071983298225385
20,5,False,True,False,stand,0.5458853837437628
20,5,False,True,False,draw,-0.46633628179853
20,5,False,True,False,double,-1.3135005825621813
20,5,True,False,True,stand,0
20,5,True,False,True,draw,0
20,5,True,False,True,split,0
20,5,False,False,True,stand,0
20,5,False,False,True,draw,0
20,5,False,False,True,split,0
20,5,True,False,False,stand,0.941897046881409
20,5,True,False,False,draw,0.8334914793725345
20,5,False,False,False,stand,0.6980229077085442
20,5,False,False,False,draw,0.6167803130900499
20,6,True,True,True,stand,0
20,6,True,True,True,draw,0
20,6,True,True,True,double,0
20,6,True,True,True,split,0
20,6,False,True,True,stand,0.699191673865857
20,6,False,True,True,draw,-0.8826261153744122
20,6,False,True,True,double,-1.0726961094488456
20,6,False,True,True,split,1.4193406255005132
20,6,True,True,False,stand,0.7971450170285119
20,6,True,True,False,draw,0.4458606503710729
20,6,True,True,False,double,-0.1009153258270862
20,6,False,True,False,stand,0.9087121677774165
20,6,False,True,False,draw,-0.5580653844052644
20,6,False,True,False,double,-0.8938036711399161
20,6,True,False,True,stand,0
20,6,True,False,True,draw,0
20,6,True,False,True,split,0
20,6,False,False,True,stand,0
20,6,False,False,True,draw,0
20,6,False,False,True,split,0
20,6,True,False,False,stand,0.49857105915545874
20,6,True,False,False,draw,1.200836631530752
20,6,False,False,False,stand,0.9237449108656772
20,6,False,False,False,draw,0.6626741082830401
20,7,True,True,True,stand,0
20,7,True,True,True,draw,0
20,7,True,True,True,double,0
20,7,True,True,True,split,0
20,7,False,True,True,stand,0.8703117000144367
20,7,False,True,True,draw,-0.6738727560347877
20,7,False,True,True,double,-1.9938187058183907
20,7,False,True,True,split,1.4653991159108712
20,7,True,True,False,stand,0.7457773336272582
20,7,True,True,False,draw,0.38269395761114966
20,7,True,True,False,double,-0.2973618592691873
20,7,False,True,False,stand,0.865736532142328
20,7,False,True,False,draw,-0.5372595586562682
20,7,False,True,False,double,-1.3289228643300761
20,7,True,False,True,stand,0
20,7,True,False,True,draw,0
20,7,True,False,True,split,0
20,7,False,False,True,stand,0
20,7,False,False,True,draw,0
20,7,False,False,True,split,0
20,7,True,False,False,stand,0.8128183598248675
20,7,True,False,False,draw,0.7925806563110356
20,7,False,False,False,stand,0.5432874281629156
20,7,False,False,False,draw,0.05095110233468414
20,8,True,True,True,stand,0
20,8,True,True,True,draw,0
20,8,True,True,True,double,0
20,8,True,True,True,split,0
20,8,False,True,True,stand,0.8378326246212947
20,8,False,True,True,draw,-0.8554689921362383
20,8,False,True,True,double,-1.8211517087350333
20,8,False,True,True,split,1.3208009348704528
20,8,True,True,False,stand,1.0080345216383546
20,8,True,True,False,draw,0.39890611527250486
20,8,True,True,False,double,0.16268439796119066
20,8,False,True,False,stand,0.8730516725072711
20,8,False,True,False,draw,-0.8030342804167752
20,8,False,True,False,double,-1.1082172676488353
20,8,True,False,True,stand,0
20,8,True,False,True,draw,0
20,8,True,False,True,split,0
20,8,False,False,True,stand,0
20,8,False,False,True,draw,0
20,8,False,False,True,split,0
20,8,True,False,False,stand,0.6814922082138067
20,8,True,False,False,draw,0.759350486426604
20,8,False,False,False,stand,0.6572938749504993
20,8,False,False,False,draw,-0.14135197300305466
20,9,True,True,True,stand,0
20,9,True,True,True,draw,0
20,9,True,True,True,double,0
20,9,True,True,True,split,0
20,9,False,True,True,stand,0.6785738654516849
20,9,False,True,True,draw,-0.8141183469254365
20,9,False,True,True,double,-1.7804176393103301
20,9,False,True,True,split,1.2393396422325544
20,9,True,True,False,stand,0.7447128832471339
20,9,True,True,False,draw,0.15457292419253177
20,9,True,True,False,double,0.28713905297851194
20,9,False,True,False,stand,0.6083518232269978
20,9,False,True,False,draw,-0.901875750852542
20,9,False,True,False,double,-1.2218733056660127
20,9,True,False,True,stand,0
20,9,True,False,True,draw,0
20,9,True,False,True,split,0
20,9,False,False,True,stand,0
20,9,False,False,True,draw,0
20,9,False,False,True,split,0
20,9,True,False,False,stand,0.8859484637100125
20,9,True,False,False,draw,0.8578704230590437
20,9,False,False,False,stand,0.9047958177142646
20,9,False,False,False,draw,0.5732954070733681
20,10,True,True,True,stand,0
20,10,True,True,True,draw,0
20,10,True,True,True,double,0
20,10,True,True,True,split,0
20,10,False,True,True,stand,0.5343405394565788
20,10,False,True,True,draw,-0.8899782420390645
20,10,False,True,True,double,-1.9466638295132974
20,10,False,True,True,split,1.1283719306496691
20,10,True,True,False,stand,0.5634099528554878
20,10,True,True,False,draw,0.18747182134858714
20,10,True,True,False,double,-0.5257893074244627
20,10,False,True,False,stand,0.6713675005534804
20,10,False,True,False,draw,-0.4177337866032991
20,10,False,True,False,double,-1.5402646312007948
20,10,True,False,True,stand,0
20,10,True,False,True,draw,0
20,10,True,False,True,split,0
20,10,False,False,True,stand,0
20,10,False,False,True,draw,0
20,10,False,False,True,split,0
20,10,True,False,False,stand,0.6313641162571799
20,10,True,False,False,draw,0.5261456507026119
20,10,False,False,False,stand,0.593811402567028
20,10,False,False,False,draw,0.7306657176606024
20,11,True,True,True,stand,0
20,11,True,True,True,draw,0
20,11,True,True,True,double,0
20,11,True,True,True,split,0
20,11,False,True,True,stand,0.09323836818545998
20,11,False,True,True,draw,-0.8642726713591372
20,11,False,True,True,double,-1.7594731242381345
20,11,False,True,True,split,1.1335834749501905
20,11,True,True,False,stand,0.10338739089027656
20,11,True,True,False,draw,0.05271881115337283
20,11,True,True,False,double,-0.5131374090647696
20,11,False,True,False,stand,-0.023096739473530123
20,11,False,True,False,draw,-0.6584005491193428
20,11,False,True,False,double,-0.9468098599025419
20,11,True,False,True,stand,0
20,11,True,False,True,draw,0
20,11,True,False,True,split,0
20,11,False,False,True,stand,0
20,11,False,False,True,draw,0
20,11,False,False,True,split,0
20,11,True,False,False,stand,-0.1490450694334046
20,11,True,False,False,draw,0.23215787691538736
20,11,False,False,False,stand,0.3287391506680438
20,11,False,False,False,draw,0.2869516039687519
21,2,True,True,False,stand,1.18596415513194
21,2,True,True,False,draw,0
21,2,True,True,False,double,0
21,2,True,False,False,stand,0
21,2,True,False,False,draw,0
21,3,True,True,False,stand,1.1996885316946257
21,3,True,True,False,draw,0
21,3,True,True,False,double,0
21,3,True,False,False,stand,0
21,3,True,False,False,draw,0
21,4,True,True,False,stand,1.1646007960453464
21,4,True,True,False,draw,0
21,4,True,True,False,double,0
21,4,True,False,False,stand,0
21,4,True,False,False,draw,0
21,5,True,True,False,stand,1.1011680245554367
21,5,True,True,False,draw,0
21,5,True,True,False,double,0
21,5,True,False,False,stand,0
21,5,True,False,False,draw,0
21,6,True,True,False,stand,1.0681473907415946
21,6,True,True,False,draw,0
21,6,True,True,False,double,0
21,6,True,False,False,stand,0
21,6,True,False,False,draw,0
21,7,True,True,False,stand,1.058877243409819
21,7,True,True,False,draw,0
21,7,True,True,False,double,0
21,7,True,False,False,stand,0
21,7,True,False,False,draw,0
21,8,True,True,False,stand,1.155471324279088
21,8,True,True,False,draw,0
21,8,True,True,False,double,0
21,8,True,False,False,stand,0
21,8,True,False,False,draw,0
21,9,True,True,False,stand,1.0864252207711735
21,9,True,True,False,draw,0
21,9,True,True,False,double,0
21,9,True,False,False,stand,0
21,9,True,False,False,draw,0
21,10,True,True,False,stand,1.0675901860721417
21,10,True,True,False,draw,0
21,10,True,True,False,double,0
21,10,True,False,False,stand,0
21,10,True,False,False,draw,0
21,11,True,True,False,stand,1.0225000251277307
21,11,True,True,False,draw,0
21,11,True,True,False,double,0
21,11,True,False,False,stand,0
21,11,True,False,False,draw,0
